state_code,"county_code","value"
48,113,0.29796
41,011,0.00408
45,027,0.00408
45,021,0.00816
41,017,0.00816
24,047,0.00816
04,027,0.01224
47,121,0.00408
24,043,0.03265
04,023,0.00408
24,041,0.02041
19,015,0.00408
13,089,0.04490
19,011,0.00408
39,061,0.21633
06,065,0.23673
39,007,0.02041
39,069,0.00816
36,109,0.01633
36,067,0.15510
37,049,0.00408
36,065,0.06939
51,069,0.00408
39,109,0.09796
13,245,0.05306
36,061,0.28980
36,101,0.01633
34,033,0.01224
36,103,0.58367
37,047,0.00408
13,167,0.00408
19,153,0.10204
39,103,0.05714
39,003,0.02449
54,049,0.05714
17,095,0.00408
06,099,0.09796
12,069,0.01224
48,061,0.05714
12,061,0.00408
06,095,0.01224
28,035,0.01224
06,097,0.00816
01,069,0.00816
51,161,0.01224
20,045,0.01224
37,183,0.09388
40,013,0.01633
13,015,0.00408
55,019,0.00408
40,017,0.03265
51,760,0.01633
27,171,0.00816
51,600,0.00408
48,465,0.00408
40,019,0.02041
41,067,0.02449
13,019,0.00408
21,101,0.00408
24,017,0.00408
47,125,0.01633
01,081,0.03673
49,049,0.03265
01,125,0.03265
01,089,0.04490
18,079,0.00408
54,037,0.00816
13,057,0.00816
54,033,0.00408
18,071,0.00408
21,067,0.04898
21,065,0.00408
54,039,0.02041
45,085,0.01224
26,157,0.00816
42,055,0.01633
26,155,0.01224
12,019,0.01224
42,051,0.02449
26,099,0.20408
12,015,0.00408
48,189,0.00816
12,011,0.27347
26,093,0.03673
26,159,0.00408
26,091,0.03265
37,133,0.04898
18,085,0.02041
45,063,0.01224
37,137,0.00408
18,081,0.01633
37,135,0.02041
18,083,0.00816
29,031,0.01224
01,015,0.03265
37,139,0.00816
01,017,0.01633
18,089,0.08163
29,037,0.01224
39,039,0.00408
17,031,0.73061
05,007,0.01633
13,115,0.02041
17,037,0.00408
47,093,0.03673
17,039,0.00816
26,121,0.01224
18,105,0.02041
18,107,0.00408
21,209,0.04082
17,131,0.00408
39,063,0.01224
08,123,0.01633
17,137,0.01633
27,131,0.00408
26,045,0.03265
06,001,0.09388
21,197,0.00408
39,031,0.00408
12,086,0.23673
34,021,0.10612
26,021,0.01224
34,023,0.30612
06,073,0.17143
34,025,0.35510
06,071,0.13878
34,027,0.16327
53,027,0.00816
34,029,0.20816
37,165,0.00816
12,127,0.07347
47,165,0.04082
47,163,0.00816
19,181,0.02449
19,187,0.00408
17,045,0.00408
17,041,0.00816
13,083,0.00408
17,043,0.19592
28,105,0.02449
47,189,0.00408
47,001,0.00408
48,397,0.02041
51,023,0.01633
39,143,0.02449
19,115,0.00408
28,107,0.00408
39,149,0.00816
48,239,0.00408
37,003,0.00408
19,055,0.00408
37,001,0.00816
12,009,0.01224
36,029,0.23673
42,129,0.15102
48,249,0.01224
51,740,0.00816
42,125,0.08571
48,245,0.00408
54,029,0.01224
36,027,0.09388
36,063,0.07347
48,027,0.04490
41,047,0.02041
41,043,0.00408
45,013,0.05306
28,101,0.00408
45,019,0.05306
48,029,0.31429
36,105,0.00408
19,155,0.00816
37,031,0.01633
29,113,0.00816
27,019,0.06531
48,141,0.05714
20,009,0.01224
48,143,0.01224
54,079,0.00408
24,019,0.01633
13,185,0.01224
24,015,0.02041
37,035,0.03265
24,013,0.00816
13,113,0.00816
42,007,0.02041
39,137,0.00408
27,139,0.02041
13,117,0.00408
37,045,0.05306
39,133,0.03673
37,097,0.02041
39,035,0.33469
40,115,0.00408
36,069,0.01633
39,139,0.02041
27,137,0.06122
39,033,0.00408
21,141,0.00408
51,800,0.00408
21,029,0.01633
39,165,0.02041
19,169,0.01633
53,037,0.00408
12,053,0.00816
40,119,0.00816
27,013,0.00816
12,057,0.18367
47,063,0.00408
25,013,0.11020
25,011,0.00408
29,071,0.00408
25,017,0.40816
25,015,0.02857
42,019,0.01224
01,055,0.00408
48,273,0.01224
06,107,0.01633
42,011,0.05306
39,045,0.00408
42,013,0.04490
06,103,0.02041
06,077,0.07347
06,101,0.00408
42,017,0.16327
35,049,0.00408
30,093,0.00408
51,650,0.00816
48,347,0.01224
13,219,0.00816
51,153,0.01224
48,277,0.00408
05,145,0.00408
30,029,0.00408
01,051,0.00408
34,011,0.04082
34,013,0.11837
34,015,0.19184
34,017,0.17551
54,107,0.03673
21,093,0.02041
18,021,0.00816
18,141,0.04898
21,157,0.00408
36,033,0.00408
21,151,0.03265
26,067,0.01633
39,147,0.01633
26,065,0.11429
37,127,0.00408
38,101,0.00408
06,075,0.00408
23,001,0.00816
49,003,0.00816
06,039,0.01633
42,069,0.03265
01,059,0.00408
29,101,0.00408
29,103,0.00408
17,183,0.02041
06,037,1.00000
17,185,0.00816
42,063,0.02041
26,103,0.01633
47,043,0.01633
47,045,0.00408
20,177,0.02041
20,173,0.09388
42,015,0.02449
17,167,0.02449
17,165,0.00408
17,163,0.02857
17,161,0.06531
18,029,0.00408
08,013,0.00408
55,059,0.05306
55,117,0.01224
50,007,0.01224
01,029,0.00816
31,019,0.00816
48,329,0.02041
31,043,0.01633
53,077,0.03265
53,073,0.00408
48,321,0.00408
48,323,0.01633
08,059,0.01224
45,059,0.00408
48,453,0.11429
41,009,0.01633
45,051,0.10204
54,097,0.00408
45,055,0.00408
16,011,0.00408
41,005,0.00408
51,680,0.01633
47,037,0.11429
29,201,0.01224
51,685,0.01224
28,045,0.00408
19,061,0.03265
20,103,0.04082
37,057,0.00816
13,153,0.01224
37,051,0.04082
13,151,0.00408
39,077,0.04082
13,097,0.00816
13,095,0.02857
37,059,0.00408
42,115,0.00816
48,215,0.08980
33,009,0.00816
36,119,0.25714
42,111,0.02041
36,055,0.11837
05,131,0.00408
55,025,0.05306
48,157,0.04082
36,059,0.31837
36,111,0.02449
42,119,0.00408
36,117,0.01224
33,005,0.02449
51,071,0.01224
06,029,0.05306
51,510,0.02041
56,005,0.00408
53,075,0.00408
37,109,0.01224
36,015,0.01224
24,025,0.04898
24,027,0.02449
24,021,0.03265
39,047,0.00408
24,029,0.00408
20,051,0.01224
39,005,0.00816
40,145,0.01224
13,021,0.05714
51,750,0.00816
27,145,0.04898
40,143,0.05306
40,027,0.02857
30,111,0.00408
37,153,0.00408
39,009,0.02857
16,069,0.00408
40,021,0.01633
51,630,0.01633
21,111,0.12653
21,117,0.02857
40,015,0.00408
18,181,0.00408
18,183,0.00408
54,027,0.01633
21,059,0.02041
18,069,0.00816
36,075,0.00408
18,063,0.01224
18,061,0.00408
18,067,0.01224
32,003,0.24082
42,021,0.01633
27,009,0.00408
29,213,0.01224
42,025,0.02449
26,145,0.02449
42,027,0.04490
26,147,0.02857
42,029,0.08980
26,149,0.00408
12,005,0.02857
12,003,0.00408
28,001,0.00408
51,107,0.02857
37,129,0.02041
51,101,0.01224
29,021,0.02449
01,003,0.02041
29,027,0.00408
30,013,0.01224
34,041,0.01224
35,061,0.00408
53,041,0.22041
05,033,0.00408
05,031,0.00408
18,117,0.00408
18,173,0.00408
15,003,0.07755
55,035,0.02041
17,121,0.00408
46,099,0.02449
28,081,0.00408
24,510,0.00816
18,177,0.02449
39,021,0.01224
30,063,0.00816
06,047,0.02041
23,019,0.01224
26,035,0.00408
53,033,0.14694
26,139,0.03265
53,035,0.02041
17,113,0.01633
26,033,0.02449
39,173,0.04082
39,025,0.02041
20,087,0.00408
47,179,0.01224
06,079,0.00816
51,730,0.01633
48,381,0.02041
39,029,0.01224
47,077,0.00816
01,113,0.01633
36,017,0.00408
19,103,0.03265
55,063,0.04490
26,037,0.00408
36,013,0.01224
13,215,0.05306
36,011,0.00816
13,045,0.01224
39,151,0.17551
27,037,0.09388
36,019,0.00408
37,017,0.00408
06,021,0.00408
37,089,0.00408
48,251,0.01224
29,159,0.01224
48,257,0.00408
19,083,0.00408
45,007,0.00408
41,071,0.00408
39,161,0.00408
42,037,0.00408
13,255,0.00408
48,039,0.04082
13,059,0.00408
55,031,0.00816
39,159,0.00408
48,139,0.01633
47,107,0.00408
20,015,0.01224
47,103,0.00408
34,035,0.03673
48,423,0.01224
48,135,0.01633
13,067,0.04898
13,179,0.00816
54,003,0.00408
51,710,0.04490
51,670,0.00408
04,003,0.00816
28,049,0.02449
27,109,0.01224
51,087,0.05714
40,109,0.13061
51,085,0.01224
13,261,0.00816
39,123,0.01633
13,263,0.00816
39,041,0.00408
40,101,0.01633
39,043,0.04490
45,091,0.01224
19,033,0.00816
37,063,0.01224
16,027,0.00408
51,810,0.01224
25,005,0.13061
25,001,0.09796
28,033,0.00816
21,015,0.01224
25,009,0.14694
39,099,0.06939
29,183,0.05306
54,069,0.02041
48,041,0.02041
50,025,0.00408
29,187,0.00816
45,087,0.01224
29,189,0.27755
37,025,0.01224
54,061,0.04082
06,031,0.02041
40,087,0.02041
53,029,0.00408
39,051,0.00816
36,121,0.00408
01,045,0.00408
28,047,0.03673
33,013,0.03673
45,083,0.03673
37,019,0.00408
06,035,0.00816
29,139,0.00408
39,055,0.00408
40,079,0.01224
31,119,0.00408
34,009,0.01224
34,003,0.36735
31,111,0.00408
34,001,0.08163
34,007,0.14694
34,005,0.22449
18,011,0.00408
21,083,0.00408
32,031,0.03673
54,005,0.00408
21,089,0.01633
18,019,0.00408
18,157,0.02449
16,001,0.01224
06,007,0.00408
26,073,0.01633
26,075,0.05714
26,077,0.05714
13,205,0.00408
54,001,0.00408
29,053,0.00408
48,355,0.07755
46,029,0.00408
42,079,0.05306
42,077,0.08980
49,035,0.09796
42,075,0.01633
37,119,0.10612
42,073,0.00408
42,071,0.04898
20,169,0.02041
48,349,0.01224
20,161,0.02857
55,039,0.00816
05,069,0.03265
05,143,0.02449
48,361,0.00816
17,019,0.00816
48,181,0.00408
38,035,0.00408
55,065,0.00408
17,011,0.00408
51,041,0.04082
55,101,0.08571
55,105,0.00816
28,075,0.00816
13,313,0.00816
55,033,0.00408
17,081,0.01224
31,053,0.00408
53,005,0.05306
31,055,0.09796
17,089,0.04082
35,025,0.02041
36,043,0.02041
27,047,0.00408
39,093,0.14286
48,469,0.01224
08,041,0.07755
48,467,0.00816
45,043,0.00408
55,089,0.00816
45,041,0.01633
45,047,0.00408
45,045,0.04898
47,149,0.01633
47,025,0.00816
47,023,0.00408
36,045,0.00408
20,111,0.01633
47,147,0.00408
17,035,0.00408
37,021,0.03673
33,015,0.05714
37,023,0.00408
33,017,0.02449
39,089,0.00408
33,011,0.04082
37,027,0.00408
19,075,0.00816
39,085,0.09796
05,091,0.00408
39,087,0.01224
39,081,0.00408
42,107,0.00816
39,169,0.03265
42,103,0.02041
42,101,0.34286
26,015,0.00408
19,171,0.00816
48,183,0.00816
39,167,0.02449
48,187,0.03265
55,141,0.00408
46,103,0.00408
18,167,0.00408
48,167,0.04490
36,047,0.39592
16,083,0.00816
48,007,0.00408
17,177,0.01633
26,025,0.00816
24,033,0.10204
24,031,0.10204
13,135,0.00408
39,017,0.10204
40,135,0.00408
39,013,0.02449
39,011,0.01633
16,019,0.01224
40,031,0.00816
27,157,0.00408
13,139,0.00816
13,031,0.01633
41,039,0.01633
40,037,0.02041
18,057,0.01224
18,053,0.02449
18,051,0.00408
21,043,0.00816
17,201,0.03265
53,021,0.01224
54,011,0.02041
19,013,0.01633
51,065,0.01224
45,003,0.00816
48,485,0.02449
42,033,0.00408
48,481,0.02449
33,001,0.00816
35,013,0.02041
12,033,0.02857
18,109,0.00816
12,031,0.20816
48,037,0.01224
48,489,0.00816
29,019,0.00816
37,159,0.03673
42,117,0.00816
37,151,0.00408
51,139,0.00408
37,155,0.02041
37,157,0.01224
17,117,0.01224
17,115,0.03673
08,101,0.02857
21,225,0.00408
17,111,0.01633
21,227,0.05306
53,057,0.00408
05,025,0.00816
53,053,0.23265
17,119,0.04898
18,127,0.02857
36,099,0.00408
39,101,0.00408
36,093,0.03265
13,295,0.00408
36,091,0.00816
13,247,0.00408
12,107,0.01224
12,105,0.04490
12,103,0.07347
12,101,0.02857
13,009,0.00408
12,109,0.01224
26,049,0.03673
29,161,0.00408
26,125,0.21224
06,059,0.24082
01,103,0.01633
29,165,0.01224
23,005,0.04490
06,055,0.00408
06,057,0.00816
31,153,0.02041
42,089,0.06531
38,089,0.00408
05,115,0.00408
10,005,0.02857
55,123,0.00408
05,111,0.00408
10,001,0.07347
10,003,0.17143
20,091,0.11429
47,187,0.04898
05,119,0.02449
48,233,0.00816
48,231,0.00816
17,063,0.00816
48,131,0.00816
17,061,0.00408
27,027,0.00816
18,135,0.00408
05,055,0.00408
55,127,0.02449
13,189,0.00408
47,065,0.05714
36,001,0.08980
18,137,0.00408
36,005,0.14286
19,139,0.02041
36,007,0.09388
36,009,0.00408
17,071,0.00408
55,079,0.27347
51,550,0.00408
48,303,0.01224
12,085,0.00408
48,309,0.02449
13,039,0.01224
45,031,0.00816
19,099,0.00408
45,035,0.04490
12,081,0.01633
48,439,0.21224
42,087,0.01224
47,115,0.01224
47,113,0.00816
48,121,0.09388
47,119,0.01633
51,700,0.03673
04,019,0.06531
13,073,0.00816
13,075,0.00408
13,077,0.00408
04,013,0.31020
27,099,0.00816
39,113,0.13878
39,059,0.00816
36,071,0.11020
53,011,0.14694
37,179,0.01633
37,077,0.00408
39,119,0.00408
39,019,0.00408
36,079,0.08980
39,057,0.02041
13,177,0.00408
37,071,0.04082
54,051,0.01633
18,091,0.01224
18,097,0.07755
42,085,0.00408
18,095,0.01224
17,093,0.02041
48,055,0.02857
48,091,0.00408
26,115,0.02041
06,087,0.00816
06,085,0.06531
12,073,0.02041
06,083,0.01224
12,071,0.05306
06,081,0.04898
51,177,0.06531
39,049,0.15102
42,091,0.28571
37,195,0.01224
01,077,0.01224
37,191,0.02041
01,073,0.04082
51,179,0.00816
20,079,0.01224
51,775,0.00408
01,109,0.00408
51,770,0.06122
27,163,0.05306
26,117,0.00816
27,169,0.01224
13,109,0.00408
46,083,0.00408
01,095,0.00408
01,097,0.09388
18,163,0.06122
01,117,0.01633
51,067,0.00408
56,025,0.00408
49,057,0.01633
21,179,0.02041
18,169,0.01633
37,065,0.02041
21,079,0.00816
18,059,0.00408
39,027,0.02041
19,065,0.00408
18,007,0.00816
37,067,0.03265
21,073,0.02041
18,003,0.05714
06,011,0.02857
06,013,0.04490
01,101,0.01633
06,017,0.00408
06,019,0.10204
37,061,0.00816
26,081,0.04898
06,025,0.00816
42,049,0.05306
37,105,0.01224
45,001,0.00408
06,053,0.00816
37,101,0.00408
42,043,0.06939
26,163,0.51429
42,041,0.04082
26,161,0.05306
42,045,0.48980
47,009,0.02449
08,035,0.00408
08,031,0.08571
17,021,0.01633
35,045,0.01633
20,209,0.04898
17,029,0.02041
26,111,0.00816
17,147,0.00816
21,215,0.00408
17,141,0.00408
17,143,0.02857
36,053,0.00816
55,139,0.06122
37,111,0.00408
55,135,0.00408
25,003,0.00816
55,133,0.09796
36,051,0.01224
55,131,0.01224
12,095,0.11837
26,017,0.00816
12,097,0.02857
06,067,0.11429
12,091,0.01224
06,061,0.02041
34,031,0.11837
53,015,0.02041
36,057,0.02449
17,099,0.02041
12,099,0.14694
31,109,0.02449
34,039,0.12245
48,479,0.01224
20,149,0.00408
48,471,0.00816
19,193,0.03673
55,097,0.00816
19,113,0.01224
12,083,0.01224
47,011,0.02449
55,017,0.00408
36,113,0.02041
05,125,0.00816
47,019,0.00408
47,157,0.28163
47,155,0.02041
39,157,0.03673
39,155,0.08571
29,047,0.04490
39,153,0.14286
19,049,0.01633
19,163,0.04082
48,051,0.00408
39,097,0.00816
19,045,0.03265
39,095,0.12653
51,059,0.13061
05,085,0.00816
46,061,0.00408
42,133,0.07755
38,015,0.00408
55,009,0.02857
29,510,0.03673
28,151,0.03265
39,175,0.00408
51,580,0.00408
36,115,0.00816
38,017,0.05714
36,037,0.02041
54,099,0.00408
41,051,0.08571
41,053,0.00816
12,037,0.00408
54,091,0.00408
41,059,0.01633
27,003,0.11020
48,409,0.02449
12,035,0.00408
29,099,0.02041
45,073,0.00816
29,097,0.00408
17,023,0.00408
29,095,0.06939
24,003,0.02857
24,001,0.01633
24,005,0.07755
20,037,0.01224
20,035,0.00408
39,129,0.00408
13,127,0.03265
37,085,0.01224
48,367,0.00816
48,085,0.07755
13,123,0.00408
37,081,0.04898
13,121,0.10612
41,029,0.00816
27,123,0.04898
51,735,0.00408
45,079,0.02449
13,129,0.00408
18,043,0.00408
21,035,0.02041
21,037,0.00816
18,047,0.00408
27,045,0.00408
18,049,0.00408
21,135,0.00408
12,027,0.00408
36,023,0.01224
25,027,0.20816
25,025,0.19592
25,023,0.14694
25,021,0.20408
42,009,0.00408
48,491,0.04898
13,051,0.01224
06,115,0.00408
42,005,0.01224
42,003,0.24898
06,111,0.06939
42,001,0.01224
06,113,0.00816
17,091,0.00816
51,125,0.00408
37,141,0.00408
37,147,0.01224
45,015,0.02041
53,063,0.01633
53,061,0.10204
53,067,0.02449
08,077,0.00408
18,035,0.02857
18,033,0.00816
21,145,0.00408
36,081,0.22857
36,083,0.03265
18,039,0.02041
36,085,0.20408
36,087,0.04490
12,111,0.07347
12,115,0.03673
12,117,0.02857
08,069,0.00816
01,111,0.00408
17,097,0.23265
29,077,0.03265
01,115,0.01633
42,095,0.13469
17,199,0.01224
42,097,0.00816
17,197,0.20816
42,099,0.00408
17,195,0.00816
06,023,0.00816
26,057,0.02449
23,031,0.02857
40,071,0.00408
27,049,0.00408
48,209,0.01224
47,053,0.00816
48,203,0.00816
24,045,0.02041
48,201,0.54286
40,073,0.00408
47,059,0.01633
27,053,0.21633
19,157,0.00408
17,173,0.00408
08,005,0.04082
05,045,0.01633
17,179,0.02449
08,001,0.06939
17,073,0.00408
51,019,0.00408
50,015,0.00408
51,011,0.00408
51,013,0.00408
19,125,0.00408
19,127,0.02041
35,001,0.07347
48,339,0.02449
16,079,0.00204
16,073,0.00204
53,001,0.00204
16,071,0.00204
16,077,0.00204
16,075,0.00204
04,025,0.00204
48,093,0.00204
04,021,0.00204
31,177,0.00204
72,021,0.00204
19,159,0.00204
39,105,0.00204
39,107,0.00204
19,151,0.00204
72,071,0.00204
40,029,0.00204
48,025,0.00204
22,009,0.00204
22,001,0.00204
22,003,0.00204
22,005,0.00204
40,025,0.00204
22,007,0.00204
46,137,0.00204
46,135,0.00204
72,027,0.00204
27,173,0.00204
21,103,0.00204
21,105,0.00204
21,107,0.00204
21,109,0.00204
32,013,0.00204
32,011,0.00204
51,840,0.00204
32,017,0.00204
32,015,0.00204
47,081,0.00204
32,019,0.00204
41,001,0.00204
42,057,0.00204
26,151,0.00204
42,053,0.00204
12,017,0.00204
42,059,0.00204
12,013,0.00204
51,115,0.00204
72,075,0.00204
46,009,0.00204
51,111,0.00204
51,113,0.00204
46,003,0.00204
42,083,0.00204
02,261,0.00204
46,007,0.00204
72,077,0.00204
46,005,0.00204
17,033,0.00204
48,021,0.00204
39,065,0.00204
72,073,0.00204
26,023,0.00204
26,027,0.00204
12,121,0.00204
12,123,0.00204
12,125,0.00204
48,261,0.00204
20,153,0.00204
72,029,0.00204
05,113,0.00204
37,009,0.00204
37,007,0.00204
37,005,0.00204
48,365,0.00204
48,237,0.00204
36,021,0.00204
36,025,0.00204
48,235,0.00204
72,103,0.00204
48,149,0.00204
48,419,0.00204
48,145,0.00204
48,147,0.00204
72,081,0.00204
51,061,0.00204
45,061,0.00204
45,065,0.00204
45,067,0.00204
13,053,0.00204
13,055,0.00204
72,105,0.00204
37,177,0.00204
37,175,0.00204
37,173,0.00204
37,171,0.00204
05,051,0.00204
54,085,0.00204
54,087,0.00204
54,081,0.00204
54,083,0.00204
54,089,0.00204
31,129,0.00204
31,127,0.00204
31,125,0.00204
31,123,0.00204
31,121,0.00204
18,149,0.00204
37,125,0.00204
18,143,0.00204
18,145,0.00204
18,147,0.00204
72,085,0.00204
37,121,0.00204
29,109,0.00204
46,011,0.00204
72,129,0.00204
37,123,0.00204
29,105,0.00204
29,107,0.00204
30,015,0.00204
30,017,0.00204
08,019,0.00204
08,017,0.00204
30,011,0.00204
08,015,0.00204
08,014,0.00204
08,011,0.00204
55,111,0.00204
55,113,0.00204
55,115,0.00204
55,119,0.00204
46,013,0.00204
47,035,0.00204
47,031,0.00204
47,033,0.00204
72,089,0.00204
47,039,0.00204
18,115,0.00204
55,029,0.00204
19,149,0.00204
39,171,0.00204
19,147,0.00204
19,145,0.00204
19,143,0.00204
55,023,0.00204
19,141,0.00204
72,033,0.00204
48,199,0.00204
30,049,0.00204
22,019,0.00204
22,013,0.00204
22,011,0.00204
22,017,0.00204
22,015,0.00204
46,129,0.00204
46,121,0.00204
46,123,0.00204
46,125,0.00204
46,127,0.00204
27,143,0.00204
16,065,0.00204
27,141,0.00204
16,067,0.00204
27,147,0.00204
16,061,0.00204
16,063,0.00204
27,149,0.00204
18,119,0.00204
72,035,0.00204
21,113,0.00204
21,115,0.00204
48,447,0.00204
21,119,0.00204
56,045,0.00204
32,009,0.00204
32,005,0.00204
32,007,0.00204
32,001,0.00204
26,141,0.00204
42,023,0.00204
26,143,0.00204
02,270,0.00204
12,001,0.00204
48,129,0.00204
51,103,0.00204
72,037,0.00204
51,109,0.00204
13,289,0.00204
13,287,0.00204
51,127,0.00204
13,285,0.00204
13,283,0.00204
13,281,0.00204
02,050,0.00204
30,061,0.00204
48,219,0.00204
48,127,0.00204
53,039,0.00204
26,039,0.00204
49,047,0.00204
12,131,0.00204
26,031,0.00204
49,045,0.00204
48,229,0.00204
20,089,0.00204
20,085,0.00204
30,067,0.00204
20,083,0.00204
20,081,0.00204
49,043,0.00204
49,041,0.00204
13,199,0.00204
13,193,0.00204
37,011,0.00204
13,191,0.00204
37,013,0.00204
13,197,0.00204
37,015,0.00204
13,195,0.00204
48,311,0.00204
48,313,0.00204
48,315,0.00204
48,317,0.00204
48,319,0.00204
48,429,0.00204
48,133,0.00204
48,137,0.00204
47,175,0.00204
13,065,0.00204
13,063,0.00204
55,011,0.00204
13,061,0.00204
47,177,0.00204
47,069,0.00204
13,069,0.00204
13,265,0.00204
13,267,0.00204
72,097,0.00204
13,269,0.00204
45,089,0.00204
40,089,0.00204
48,047,0.00204
48,217,0.00204
48,043,0.00204
40,081,0.00204
26,153,0.00204
40,083,0.00204
40,085,0.00204
20,065,0.00204
37,161,0.00204
20,067,0.00204
37,163,0.00204
20,061,0.00204
20,063,0.00204
37,167,0.00204
20,069,0.00204
48,351,0.00204
72,095,0.00204
45,081,0.00204
31,113,0.00204
31,117,0.00204
31,115,0.00204
48,211,0.00204
18,159,0.00204
18,153,0.00204
18,151,0.00204
18,155,0.00204
51,117,0.00204
72,093,0.00204
72,139,0.00204
29,119,0.00204
29,111,0.00204
29,117,0.00204
29,115,0.00204
51,033,0.00204
08,029,0.00204
08,023,0.00204
08,021,0.00204
08,027,0.00204
08,025,0.00204
55,103,0.00204
55,107,0.00204
51,119,0.00204
51,035,0.00204
72,091,0.00204
55,069,0.00204
48,363,0.00204
47,027,0.00204
47,021,0.00204
47,029,0.00204
47,111,0.00204
19,179,0.00204
19,173,0.00204
39,163,0.00204
19,177,0.00204
19,175,0.00204
22,027,0.00204
22,025,0.00204
22,023,0.00204
22,021,0.00204
22,029,0.00204
72,045,0.00204
51,620,0.00204
16,013,0.00204
39,015,0.00204
16,015,0.00204
27,159,0.00204
16,017,0.00204
27,155,0.00204
27,151,0.00204
27,153,0.00204
22,117,0.00204
21,129,0.00204
21,127,0.00204
21,125,0.00204
21,123,0.00204
22,115,0.00204
21,121,0.00204
16,059,0.00204
02,201,0.00204
12,039,0.00204
42,031,0.00204
46,065,0.00204
22,111,0.00204
46,067,0.00204
42,035,0.00204
42,039,0.00204
40,003,0.00204
51,133,0.00204
51,131,0.00204
51,137,0.00204
51,135,0.00204
40,005,0.00204
16,057,0.00204
40,007,0.00204
72,041,0.00204
13,299,0.00204
22,119,0.00204
13,291,0.00204
13,293,0.00204
13,297,0.00204
26,041,0.00204
26,043,0.00204
26,047,0.00204
20,099,0.00204
19,095,0.00204
20,093,0.00204
20,095,0.00204
20,097,0.00204
13,187,0.00204
13,181,0.00204
13,183,0.00204
05,057,0.00204
05,053,0.00204
12,129,0.00204
36,003,0.00204
01,107,0.00204
48,301,0.00204
48,307,0.00204
48,305,0.00204
48,435,0.00204
48,437,0.00204
48,431,0.00204
48,433,0.00204
30,047,0.00204
27,111,0.00204
72,099,0.00204
48,123,0.00204
26,029,0.00204
48,125,0.00204
13,071,0.00204
13,079,0.00204
13,277,0.00204
13,275,0.00204
13,273,0.00204
13,271,0.00204
13,279,0.00204
18,099,0.00204
18,093,0.00204
27,113,0.00204
48,057,0.00204
40,099,0.00204
48,053,0.00204
40,093,0.00204
40,091,0.00204
40,097,0.00204
40,095,0.00204
20,077,0.00204
20,075,0.00204
37,199,0.00204
20,073,0.00204
20,071,0.00204
37,197,0.00204
37,193,0.00204
48,369,0.00204
72,049,0.00204
28,021,0.00204
18,165,0.00204
18,161,0.00204
27,115,0.00204
28,023,0.00204
16,021,0.00204
28,025,0.00204
29,127,0.00204
48,399,0.00204
29,125,0.00204
19,035,0.00204
29,123,0.00204
28,027,0.00204
29,121,0.00204
51,595,0.00204
20,139,0.00204
29,129,0.00204
16,025,0.00204
28,029,0.00204
48,411,0.00204
08,037,0.00204
08,033,0.00204
72,031,0.00204
35,047,0.00204
08,039,0.00204
35,043,0.00204
20,133,0.00204
20,131,0.00204
72,023,0.00204
55,137,0.00204
05,133,0.00204
31,105,0.00204
31,107,0.00204
31,103,0.00204
37,103,0.00204
72,025,0.00204
48,009,0.00204
47,013,0.00204
47,017,0.00204
47,015,0.00204
19,165,0.00204
19,167,0.00204
19,161,0.00204
27,015,0.00204
27,017,0.00204
27,011,0.00204
55,003,0.00204
55,007,0.00204
55,005,0.00204
22,031,0.00204
22,033,0.00204
22,035,0.00204
22,037,0.00204
22,039,0.00204
51,031,0.00204
48,391,0.00204
27,129,0.00204
16,003,0.00204
16,007,0.00204
16,005,0.00204
27,121,0.00204
16,009,0.00204
27,125,0.00204
27,127,0.00204
21,139,0.00204
21,131,0.00204
21,133,0.00204
21,137,0.00204
02,180,0.00204
12,021,0.00204
02,185,0.00204
12,023,0.00204
19,087,0.00204
02,188,0.00204
12,029,0.00204
46,073,0.00204
42,127,0.00204
30,081,0.00204
46,075,0.00204
46,079,0.00204
42,121,0.00204
42,123,0.00204
51,121,0.00204
46,053,0.00204
45,017,0.00204
35,059,0.00204
12,113,0.00204
05,059,0.00204
12,119,0.00204
41,041,0.00204
26,059,0.00204
26,053,0.00204
26,051,0.00204
17,193,0.00204
17,191,0.00204
26,055,0.00204
41,069,0.00204
48,207,0.00204
48,205,0.00204
17,175,0.00204
17,171,0.00204
05,047,0.00204
05,041,0.00204
51,141,0.00204
48,337,0.00204
48,335,0.00204
48,333,0.00204
48,331,0.00204
48,117,0.00204
48,115,0.00204
48,111,0.00204
40,153,0.00204
40,151,0.00204
48,119,0.00204
48,417,0.00204
48,415,0.00204
13,085,0.00204
13,087,0.00204
13,081,0.00204
13,243,0.00204
13,241,0.00204
13,249,0.00204
29,087,0.00204
36,107,0.00204
31,101,0.00204
48,063,0.00204
48,067,0.00204
48,065,0.00204
48,069,0.00204
20,043,0.00204
20,041,0.00204
20,047,0.00204
37,189,0.00204
37,187,0.00204
20,049,0.00204
37,185,0.00204
37,181,0.00204
21,085,0.00204
01,129,0.00204
18,175,0.00204
01,121,0.00204
01,123,0.00204
01,127,0.00204
54,035,0.00204
54,031,0.00204
29,131,0.00204
29,133,0.00204
29,135,0.00204
29,137,0.00204
18,087,0.00204
01,019,0.00204
01,011,0.00204
01,013,0.00204
08,043,0.00204
31,009,0.00204
08,045,0.00204
08,047,0.00204
31,005,0.00204
08,049,0.00204
31,007,0.00204
35,055,0.00204
31,001,0.00204
35,053,0.00204
31,003,0.00204
35,051,0.00204
45,069,0.00204
55,129,0.00204
11,001,0.00204
48,099,0.00204
55,121,0.00204
55,125,0.00204
28,087,0.00204
28,085,0.00204
28,083,0.00204
31,179,0.00204
28,089,0.00204
48,083,0.00204
51,079,0.00204
47,005,0.00204
47,007,0.00204
47,003,0.00204
19,111,0.00204
39,141,0.00204
39,145,0.00204
19,117,0.00204
19,119,0.00204
27,007,0.00204
27,005,0.00204
27,001,0.00204
30,097,0.00204
51,077,0.00204
49,037,0.00204
51,057,0.00204
51,051,0.00204
46,021,0.00204
51,053,0.00204
19,029,0.00204
16,039,0.00204
19,025,0.00204
27,133,0.00204
16,035,0.00204
19,021,0.00204
16,031,0.00204
27,135,0.00204
12,051,0.00204
12,055,0.00204
12,059,0.00204
46,049,0.00204
46,047,0.00204
46,045,0.00204
46,043,0.00204
02,220,0.00204
51,159,0.00204
05,147,0.00204
51,155,0.00204
51,157,0.00204
48,385,0.00204
21,097,0.00204
21,095,0.00204
21,091,0.00204
05,141,0.00204
55,001,0.00204
21,099,0.00204
26,063,0.00204
26,061,0.00204
26,069,0.00204
17,189,0.00204
17,181,0.00204
17,187,0.00204
05,079,0.00204
05,073,0.00204
05,071,0.00204
05,077,0.00204
05,075,0.00204
02,150,0.00204
48,325,0.00204
48,327,0.00204
48,101,0.00204
48,103,0.00204
48,105,0.00204
39,067,0.00204
48,109,0.00204
48,459,0.00204
13,099,0.00204
13,093,0.00204
13,091,0.00204
13,259,0.00204
48,213,0.00204
13,257,0.00204
13,251,0.00204
13,253,0.00204
09,015,0.00204
09,011,0.00204
09,013,0.00204
48,075,0.00204
48,077,0.00204
48,071,0.00204
48,073,0.00204
26,005,0.00204
20,059,0.00204
24,023,0.00204
20,055,0.00204
20,057,0.00204
20,053,0.00204
40,147,0.00204
40,141,0.00204
40,149,0.00204
72,079,0.00204
53,007,0.00204
01,133,0.00204
01,131,0.00204
53,009,0.00204
54,025,0.00204
54,023,0.00204
54,021,0.00204
55,037,0.00204
53,003,0.00204
01,009,0.00204
01,007,0.00204
01,005,0.00204
01,001,0.00204
08,053,0.00204
08,051,0.00204
08,057,0.00204
08,055,0.00204
31,017,0.00204
31,015,0.00204
30,019,0.00204
31,013,0.00204
31,011,0.00204
15,007,0.00204
48,507,0.00204
30,065,0.00204
15,001,0.00204
15,009,0.00204
39,023,0.00204
23,011,0.00204
28,091,0.00204
23,013,0.00204
28,093,0.00204
23,015,0.00204
28,095,0.00204
23,017,0.00204
28,097,0.00204
28,099,0.00204
31,169,0.00204
47,079,0.00204
49,025,0.00204
47,071,0.00204
47,073,0.00204
47,075,0.00204
55,061,0.00204
27,039,0.00204
19,101,0.00204
51,036,0.00204
19,107,0.00204
55,067,0.00204
19,105,0.00204
27,033,0.00204
27,031,0.00204
19,109,0.00204
27,035,0.00204
47,105,0.00204
47,101,0.00204
48,393,0.00204
47,109,0.00204
27,107,0.00204
27,105,0.00204
27,103,0.00204
27,101,0.00204
29,067,0.00204
48,455,0.00204
16,029,0.00204
72,047,0.00204
19,039,0.00204
19,037,0.00204
16,023,0.00204
19,031,0.00204
05,099,0.00204
72,043,0.00204
12,043,0.00204
12,041,0.00204
12,047,0.00204
48,395,0.00204
12,045,0.00204
12,049,0.00204
72,125,0.00204
46,059,0.00204
46,051,0.00204
02,232,0.00204
46,055,0.00204
46,057,0.00204
72,121,0.00204
51,143,0.00204
29,069,0.00204
51,147,0.00204
56,021,0.00204
51,145,0.00204
33,019,0.00204
21,081,0.00204
02,090,0.00204
21,087,0.00204
51,830,0.00204
26,071,0.00204
26,079,0.00204
05,065,0.00204
05,067,0.00204
05,061,0.00204
05,063,0.00204
51,063,0.00204
17,153,0.00204
48,269,0.00204
17,151,0.00204
46,071,0.00204
17,157,0.00204
17,155,0.00204
17,159,0.00204
46,077,0.00204
13,319,0.00204
13,315,0.00204
13,317,0.00204
13,311,0.00204
48,185,0.00204
17,083,0.00204
17,085,0.00204
17,087,0.00204
42,109,0.00204
49,027,0.00204
48,463,0.00204
48,461,0.00204
20,119,0.00204
20,115,0.00204
20,117,0.00204
20,113,0.00204
36,123,0.00204
13,229,0.00204
48,263,0.00204
48,265,0.00204
48,267,0.00204
13,221,0.00204
13,223,0.00204
13,225,0.00204
13,227,0.00204
51,640,0.00204
55,091,0.00204
40,049,0.00204
40,045,0.00204
40,047,0.00204
40,041,0.00204
40,043,0.00204
09,007,0.00204
09,005,0.00204
09,003,0.00204
09,001,0.00204
48,001,0.00204
40,001,0.00204
48,003,0.00204
48,005,0.00204
09,009,0.00204
20,029,0.00204
24,037,0.00204
24,035,0.00204
20,021,0.00204
20,023,0.00204
20,025,0.00204
20,027,0.00204
24,039,0.00204
13,137,0.00204
13,131,0.00204
13,133,0.00204
55,051,0.00204
40,139,0.00204
72,141,0.00204
55,053,0.00204
72,069,0.00204
72,067,0.00204
72,065,0.00204
56,017,0.00204
72,061,0.00204
54,013,0.00204
54,017,0.00204
54,015,0.00204
54,019,0.00204
48,487,0.00204
38,019,0.00204
48,483,0.00204
30,075,0.00204
38,011,0.00204
38,013,0.00204
01,039,0.00204
01,033,0.00204
01,031,0.00204
01,037,0.00204
01,035,0.00204
30,007,0.00204
31,029,0.00204
30,005,0.00204
30,003,0.00204
31,023,0.00204
08,067,0.00204
31,021,0.00204
08,065,0.00204
31,027,0.00204
08,063,0.00204
31,025,0.00204
08,061,0.00204
55,027,0.00204
51,540,0.00204
23,003,0.00204
28,069,0.00204
23,007,0.00204
31,159,0.00204
28,065,0.00204
28,067,0.00204
23,009,0.00204
28,061,0.00204
28,063,0.00204
27,025,0.00204
27,021,0.00204
27,023,0.00204
47,061,0.00204
27,029,0.00204
40,131,0.00204
55,071,0.00204
55,077,0.00204
55,075,0.00204
19,137,0.00204
19,135,0.00204
19,133,0.00204
40,133,0.00204
19,131,0.00204
50,021,0.00204
50,027,0.00204
40,137,0.00204
47,117,0.00204
08,085,0.00204
08,087,0.00204
08,081,0.00204
08,083,0.00204
27,119,0.00204
08,089,0.00204
40,035,0.00204
28,115,0.00204
19,009,0.00204
28,111,0.00204
28,113,0.00204
19,003,0.00204
39,053,0.00204
19,001,0.00204
19,007,0.00204
19,005,0.00204
12,079,0.00204
06,089,0.00204
12,077,0.00204
12,075,0.00204
49,011,0.00204
51,175,0.00204
51,173,0.00204
51,171,0.00204
49,013,0.00204
42,093,0.00204
48,449,0.00204
49,015,0.00204
46,081,0.00204
46,087,0.00204
49,017,0.00204
46,085,0.00204
49,055,0.00204
46,089,0.00204
49,051,0.00204
72,003,0.00204
49,053,0.00204
72,063,0.00204
21,075,0.00204
21,077,0.00204
21,071,0.00204
26,089,0.00204
26,085,0.00204
26,087,0.00204
26,083,0.00204
05,011,0.00204
05,013,0.00204
05,015,0.00204
05,017,0.00204
05,019,0.00204
21,219,0.00204
17,149,0.00204
21,211,0.00204
17,145,0.00204
21,213,0.00204
21,217,0.00204
21,189,0.00204
13,309,0.00204
21,181,0.00204
13,307,0.00204
21,183,0.00204
13,305,0.00204
21,185,0.00204
13,303,0.00204
21,187,0.00204
13,301,0.00204
12,093,0.00204
06,069,0.00204
48,473,0.00204
48,475,0.00204
48,477,0.00204
05,129,0.00204
20,109,0.00204
20,107,0.00204
20,105,0.00204
05,121,0.00204
20,101,0.00204
51,075,0.00204
55,021,0.00204
51,073,0.00204
13,239,0.00204
48,275,0.00204
13,233,0.00204
13,231,0.00204
13,237,0.00204
13,235,0.00204
41,055,0.00204
41,057,0.00204
05,049,0.00204
40,059,0.00204
44,005,0.00204
40,057,0.00204
44,007,0.00204
40,055,0.00204
40,053,0.00204
44,003,0.00204
40,051,0.00204
48,019,0.00204
48,013,0.00204
48,011,0.00204
29,093,0.00204
48,017,0.00204
29,091,0.00204
48,015,0.00204
20,039,0.00204
20,033,0.00204
24,009,0.00204
20,031,0.00204
37,087,0.00204
13,125,0.00204
37,083,0.00204
40,129,0.00204
72,059,0.00204
72,053,0.00204
72,051,0.00204
72,057,0.00204
72,055,0.00204
72,054,0.00204
54,009,0.00204
54,007,0.00204
01,025,0.00204
48,497,0.00204
01,027,0.00204
48,495,0.00204
01,021,0.00204
48,493,0.00204
01,023,0.00204
38,009,0.00204
38,007,0.00204
38,005,0.00204
38,003,0.00204
38,001,0.00204
08,079,0.00204
30,031,0.00204
30,037,0.00204
30,035,0.00204
08,071,0.00204
08,073,0.00204
08,075,0.00204
18,037,0.00204
18,031,0.00204
72,133,0.00204
30,001,0.00204
31,149,0.00204
28,079,0.00204
01,119,0.00204
28,077,0.00204
35,041,0.00204
29,079,0.00204
28,073,0.00204
28,071,0.00204
47,057,0.00204
47,055,0.00204
47,051,0.00204
27,051,0.00204
27,055,0.00204
27,057,0.00204
27,059,0.00204
30,009,0.00204
50,017,0.00204
19,129,0.00204
50,013,0.00204
50,011,0.00204
55,047,0.00204
19,121,0.00204
55,045,0.00204
19,123,0.00204
55,043,0.00204
50,019,0.00204
31,035,0.00204
35,003,0.00204
31,037,0.00204
35,005,0.00204
31,031,0.00204
35,007,0.00204
31,033,0.00204
35,009,0.00204
31,039,0.00204
48,441,0.00204
48,443,0.00204
47,123,0.00204
47,127,0.00204
48,445,0.00204
47,129,0.00204
08,097,0.00204
08,095,0.00204
19,017,0.00204
08,093,0.00204
08,091,0.00204
19,019,0.00204
08,099,0.00204
28,103,0.00204
39,001,0.00204
28,109,0.00204
72,083,0.00204
06,091,0.00204
06,093,0.00204
12,063,0.00204
12,065,0.00204
12,067,0.00204
29,211,0.00204
51,163,0.00204
51,165,0.00204
51,167,0.00204
51,169,0.00204
72,109,0.00204
29,215,0.00204
29,217,0.00204
46,095,0.00204
46,097,0.00204
46,091,0.00204
46,093,0.00204
21,069,0.00204
21,063,0.00204
21,061,0.00204
72,101,0.00204
26,097,0.00204
26,095,0.00204
01,105,0.00204
56,043,0.00204
30,099,0.00204
05,003,0.00204
05,001,0.00204
56,041,0.00204
72,107,0.00204
05,005,0.00204
05,009,0.00204
17,139,0.00204
31,157,0.00204
21,203,0.00204
17,133,0.00204
21,201,0.00204
17,135,0.00204
21,207,0.00204
21,205,0.00204
21,199,0.00204
21,193,0.00204
21,191,0.00204
21,195,0.00204
12,087,0.00204
02,164,0.00204
12,089,0.00204
48,169,0.00204
17,047,0.00204
05,139,0.00204
05,137,0.00204
05,135,0.00204
20,137,0.00204
20,135,0.00204
13,207,0.00204
13,201,0.00204
13,209,0.00204
48,247,0.00204
48,243,0.00204
48,241,0.00204
40,069,0.00204
41,045,0.00204
45,011,0.00204
29,073,0.00204
40,063,0.00204
40,061,0.00204
40,067,0.00204
40,065,0.00204
41,049,0.00204
20,007,0.00204
29,089,0.00204
20,005,0.00204
46,017,0.00204
20,003,0.00204
20,001,0.00204
29,081,0.00204
29,083,0.00204
29,085,0.00204
24,011,0.00204
37,091,0.00204
13,111,0.00204
37,093,0.00204
37,095,0.00204
12,007,0.00204
40,117,0.00204
37,099,0.00204
13,119,0.00204
40,113,0.00204
40,111,0.00204
46,019,0.00204
54,043,0.00204
54,071,0.00204
54,073,0.00204
54,075,0.00204
54,077,0.00204
38,039,0.00204
01,053,0.00204
01,057,0.00204
38,033,0.00204
38,031,0.00204
38,037,0.00204
47,067,0.00204
51,105,0.00204
51,790,0.00204
34,019,0.00204
55,073,0.00204
30,025,0.00204
30,027,0.00204
30,021,0.00204
30,023,0.00204
54,105,0.00204
18,027,0.00204
18,025,0.00204
54,101,0.00204
18,023,0.00204
54,103,0.00204
54,109,0.00204
38,105,0.00204
38,103,0.00204
51,009,0.00204
23,029,0.00204
29,065,0.00204
29,063,0.00204
29,061,0.00204
28,043,0.00204
23,021,0.00204
28,041,0.00204
23,023,0.00204
23,025,0.00204
23,027,0.00204
47,041,0.00204
47,047,0.00204
47,049,0.00204
27,043,0.00204
27,041,0.00204
53,049,0.00204
50,001,0.00204
50,003,0.00204
50,005,0.00204
50,009,0.00204
51,570,0.00204
55,055,0.00204
55,057,0.00204
31,041,0.00204
35,011,0.00204
31,045,0.00204
35,017,0.00204
31,047,0.00204
35,015,0.00204
31,049,0.00204
35,019,0.00204
51,683,0.00204
47,139,0.00204
50,023,0.00204
47,135,0.00204
47,137,0.00204
47,131,0.00204
47,133,0.00204
39,071,0.00204
19,063,0.00204
39,073,0.00204
39,075,0.00204
19,067,0.00204
19,069,0.00204
39,079,0.00204
28,133,0.00204
28,131,0.00204
28,137,0.00204
28,135,0.00204
28,139,0.00204
22,105,0.00204
51,199,0.00204
51,195,0.00204
51,197,0.00204
16,049,0.00204
51,191,0.00204
51,193,0.00204
22,081,0.00204
22,083,0.00204
40,011,0.00204
22,085,0.00204
22,087,0.00204
16,047,0.00204
22,089,0.00204
16,045,0.00204
02,280,0.00204
02,282,0.00204
16,043,0.00204
21,053,0.00204
21,051,0.00204
16,041,0.00204
21,057,0.00204
21,055,0.00204
51,149,0.00204
21,237,0.00204
21,235,0.00204
21,233,0.00204
21,231,0.00204
05,039,0.00204
53,045,0.00204
05,037,0.00204
53,047,0.00204
05,035,0.00204
21,239,0.00204
17,129,0.00204
13,321,0.00204
17,123,0.00204
17,127,0.00204
17,125,0.00204
48,179,0.00204
56,019,0.00204
72,087,0.00204
26,135,0.00204
06,043,0.00204
26,137,0.00204
06,041,0.00204
26,131,0.00204
26,133,0.00204
06,045,0.00204
02,110,0.00204
06,049,0.00204
20,125,0.00204
20,127,0.00204
20,121,0.00204
20,123,0.00204
20,129,0.00204
17,057,0.00204
17,055,0.00204
17,053,0.00204
12,133,0.00204
05,103,0.00204
05,101,0.00204
05,107,0.00204
05,105,0.00204
13,211,0.00204
13,213,0.00204
13,217,0.00204
27,117,0.00204
48,259,0.00204
02,020,0.00204
48,253,0.00204
48,255,0.00204
45,005,0.00204
45,009,0.00204
20,011,0.00204
20,013,0.00204
20,017,0.00204
20,019,0.00204
28,117,0.00204
37,069,0.00204
13,105,0.00204
13,107,0.00204
13,101,0.00204
13,103,0.00204
48,221,0.00204
29,181,0.00204
38,025,0.00204
38,027,0.00204
29,185,0.00204
38,021,0.00204
29,186,0.00204
54,063,0.00204
38,029,0.00204
54,065,0.00204
01,043,0.00204
01,041,0.00204
01,047,0.00204
28,119,0.00204
01,049,0.00204
40,075,0.00204
05,109,0.00204
48,059,0.00204
30,059,0.00204
72,149,0.00204
30,051,0.00204
30,053,0.00204
17,051,0.00204
30,055,0.00204
05,043,0.00204
18,013,0.00204
18,017,0.00204
18,015,0.00204
48,383,0.00204
28,055,0.00204
28,057,0.00204
28,051,0.00204
28,053,0.00204
28,059,0.00204
48,387,0.00204
29,051,0.00204
29,057,0.00204
29,055,0.00204
72,039,0.00204
29,059,0.00204
17,059,0.00204
72,019,0.00204
72,017,0.00204
27,079,0.00204
27,077,0.00204
31,185,0.00204
27,075,0.00204
27,073,0.00204
31,181,0.00204
27,071,0.00204
31,183,0.00204
72,013,0.00204
31,051,0.00204
31,057,0.00204
35,029,0.00204
35,027,0.00204
31,059,0.00204
35,023,0.00204
35,021,0.00204
55,083,0.00204
55,081,0.00204
55,087,0.00204
55,085,0.00204
51,690,0.00204
47,141,0.00204
47,143,0.00204
47,145,0.00204
19,073,0.00204
19,071,0.00204
19,077,0.00204
19,079,0.00204
38,047,0.00204
39,083,0.00204
28,129,0.00204
35,057,0.00204
28,125,0.00204
28,127,0.00204
28,121,0.00204
28,123,0.00204
16,081,0.00204
16,087,0.00204
16,085,0.00204
51,610,0.00204
51,187,0.00204
51,185,0.00204
51,183,0.00204
51,181,0.00204
27,095,0.00204
22,093,0.00204
27,097,0.00204
22,091,0.00204
27,091,0.00204
22,097,0.00204
27,093,0.00204
22,095,0.00204
22,099,0.00204
21,045,0.00204
21,047,0.00204
21,041,0.00204
17,203,0.00204
02,290,0.00204
21,049,0.00204
53,023,0.00204
48,033,0.00204
48,035,0.00204
72,005,0.00204
51,678,0.00204
21,221,0.00204
21,223,0.00204
05,021,0.00204
21,229,0.00204
05,023,0.00204
53,055,0.00204
05,027,0.00204
53,051,0.00204
36,097,0.00204
36,095,0.00204
26,127,0.00204
26,123,0.00204
42,081,0.00204
02,100,0.00204
06,051,0.00204
26,129,0.00204
20,151,0.00204
05,117,0.00204
20,155,0.00204
20,157,0.00204
20,159,0.00204
17,067,0.00204
17,065,0.00204
17,069,0.00204
48,421,0.00204
56,029,0.00204
30,077,0.00204
48,427,0.00204
48,425,0.00204
30,073,0.00204
45,033,0.00204
45,037,0.00204
30,071,0.00204
41,065,0.00204
45,039,0.00204
41,061,0.00204
41,063,0.00204
48,283,0.00204
48,281,0.00204
48,287,0.00204
48,285,0.00204
48,289,0.00204
36,077,0.00204
36,073,0.00204
37,079,0.00204
13,171,0.00204
13,173,0.00204
37,075,0.00204
13,175,0.00204
37,073,0.00204
54,057,0.00204
54,055,0.00204
54,053,0.00204
32,021,0.00204
54,059,0.00204
38,051,0.00204
38,053,0.00204
38,055,0.00204
29,197,0.00204
38,057,0.00204
29,195,0.00204
38,059,0.00204
29,199,0.00204
01,079,0.00204
01,075,0.00204
01,071,0.00204
13,005,0.00204
13,007,0.00204
13,001,0.00204
13,003,0.00204
40,009,0.00204
01,091,0.00204
01,093,0.00204
30,043,0.00204
30,041,0.00204
01,099,0.00204
30,045,0.00204
72,007,0.00204
18,009,0.00204
18,005,0.00204
18,001,0.00204
20,205,0.00204
20,207,0.00204
40,103,0.00204
20,201,0.00204
20,203,0.00204
18,171,0.00204
40,105,0.00204
37,107,0.00204
29,049,0.00204
29,045,0.00204
29,041,0.00204
29,043,0.00204
31,091,0.00204
27,069,0.00204
51,515,0.00204
27,061,0.00204
27,063,0.00204
48,197,0.00204
27,065,0.00204
27,067,0.00204
34,037,0.00204
35,039,0.00204
31,069,0.00204
31,067,0.00204
35,031,0.00204
31,065,0.00204
35,033,0.00204
31,063,0.00204
35,035,0.00204
31,061,0.00204
35,037,0.00204
51,021,0.00204
55,099,0.00204
55,015,0.00204
19,191,0.00204
55,095,0.00204
19,195,0.00204
19,197,0.00204
55,093,0.00204
31,085,0.00204
31,087,0.00204
47,159,0.00204
31,081,0.00204
31,083,0.00204
46,037,0.00204
47,153,0.00204
47,151,0.00204
31,089,0.00204
48,045,0.00204
46,035,0.00204
51,027,0.00204
19,047,0.00204
19,043,0.00204
19,041,0.00204
39,091,0.00204
28,159,0.00204
51,029,0.00204
28,153,0.00204
46,031,0.00204
28,155,0.00204
28,157,0.00204
38,023,0.00204
48,379,0.00204
48,343,0.00204
48,049,0.00204
54,067,0.00204
27,087,0.00204
27,085,0.00204
27,083,0.00204
27,081,0.00204
27,089,0.00204
21,031,0.00204
21,033,0.00204
21,039,0.00204
22,045,0.00204
39,111,0.00204
22,047,0.00204
22,041,0.00204
48,375,0.00204
22,043,0.00204
18,179,0.00204
22,049,0.00204
28,141,0.00204
37,169,0.00204
56,015,0.00204
17,101,0.00204
53,069,0.00204
17,103,0.00204
56,011,0.00204
17,105,0.00204
56,013,0.00204
17,107,0.00204
17,109,0.00204
53,065,0.00204
36,089,0.00204
21,149,0.00204
21,147,0.00204
21,143,0.00204
02,130,0.00204
26,113,0.00204
40,077,0.00204
49,019,0.00204
26,119,0.00204
06,027,0.00204
20,143,0.00204
20,141,0.00204
20,147,0.00204
20,145,0.00204
48,195,0.00204
17,079,0.00204
17,075,0.00204
17,077,0.00204
48,413,0.00204
41,019,0.00204
45,029,0.00204
45,025,0.00204
41,013,0.00204
41,015,0.00204
45,023,0.00204
48,299,0.00204
29,219,0.00204
48,295,0.00204
48,297,0.00204
53,025,0.00204
48,291,0.00204
48,293,0.00204
02,170,0.00204
13,169,0.00204
37,043,0.00204
13,163,0.00204
37,041,0.00204
13,161,0.00204
13,165,0.00204
54,041,0.00204
54,045,0.00204
54,047,0.00204
06,063,0.00204
38,043,0.00204
38,041,0.00204
30,057,0.00204
38,045,0.00204
38,049,0.00204
53,019,0.00204
01,061,0.00204
01,063,0.00204
01,065,0.00204
01,067,0.00204
13,017,0.00204
13,013,0.00204
30,109,0.00204
13,011,0.00204
30,107,0.00204
30,105,0.00204
30,103,0.00204
30,101,0.00204
01,087,0.00204
01,085,0.00204
01,083,0.00204
17,049,0.00204
18,073,0.00204
18,075,0.00204
18,077,0.00204
28,031,0.00204
28,037,0.00204
28,039,0.00204
29,039,0.00204
37,131,0.00204
29,033,0.00204
29,035,0.00204
47,099,0.00204
47,091,0.00204
47,097,0.00204
47,095,0.00204
16,037,0.00204
18,101,0.00204
18,103,0.00204
08,125,0.00204
19,027,0.00204
08,121,0.00204
39,037,0.00204
16,033,0.00204
29,145,0.00204
31,079,0.00204
29,147,0.00204
29,141,0.00204
19,023,0.00204
29,143,0.00204
31,071,0.00204
31,073,0.00204
29,149,0.00204
31,075,0.00204
30,079,0.00204
31,077,0.00204
47,167,0.00204
19,189,0.00204
47,161,0.00204
19,183,0.00204
47,169,0.00204
19,185,0.00204
31,097,0.00204
31,095,0.00204
31,093,0.00204
31,099,0.00204
19,059,0.00204
05,127,0.00204
49,021,0.00204
19,051,0.00204
19,053,0.00204
19,057,0.00204
31,141,0.00204
28,149,0.00204
28,143,0.00204
05,123,0.00204
28,147,0.00204
28,145,0.00204
37,113,0.00204
72,131,0.00204
22,123,0.00204
22,121,0.00204
22,127,0.00204
22,125,0.00204
49,023,0.00204
31,143,0.00204
72,135,0.00204
39,135,0.00204
39,131,0.00204
51,720,0.00204
72,137,0.00204
21,023,0.00204
21,021,0.00204
21,027,0.00204
21,025,0.00204
22,057,0.00204
25,019,0.00204
22,055,0.00204
22,053,0.00204
22,051,0.00204
22,059,0.00204
06,109,0.00204
31,145,0.00204
06,105,0.00204
48,271,0.00204
56,007,0.00204
56,003,0.00204
56,001,0.00204
53,031,0.00204
56,009,0.00204
21,159,0.00204
21,155,0.00204
21,153,0.00204
02,122,0.00204
31,147,0.00204
49,001,0.00204
26,109,0.00204
49,005,0.00204
06,033,0.00204
26,105,0.00204
26,107,0.00204
26,101,0.00204
48,359,0.00204
40,107,0.00204
20,179,0.00204
20,175,0.00204
20,171,0.00204
17,009,0.00204
46,041,0.00204
17,001,0.00204
44,009,0.00204
17,003,0.00204
17,005,0.00204
17,007,0.00204
53,071,0.00204
02,016,0.00204
02,013,0.00204
41,003,0.00204
45,053,0.00204
40,033,0.00204
41,007,0.00204
45,057,0.00204
29,203,0.00204
29,207,0.00204
29,205,0.00204
29,209,0.00204
13,157,0.00204
37,055,0.00204
13,155,0.00204
37,053,0.00204
13,159,0.00204
33,003,0.00204
33,007,0.00204
48,023,0.00204
55,109,0.00204
48,175,0.00204
48,177,0.00204
48,171,0.00204
38,079,0.00204
38,077,0.00204
38,075,0.00204
38,073,0.00204
48,407,0.00204
38,071,0.00204
20,195,0.00204
20,197,0.00204
20,191,0.00204
20,193,0.00204
20,199,0.00204
13,023,0.00204
13,027,0.00204
13,025,0.00204
13,029,0.00204
40,023,0.00204
55,013,0.00204
35,028,0.00204
18,065,0.00204
28,009,0.00204
28,007,0.00204
28,005,0.00204
28,003,0.00204
72,009,0.00204
29,029,0.00204
29,023,0.00204
29,025,0.00204
08,119,0.00204
18,113,0.00204
18,111,0.00204
08,113,0.00204
08,111,0.00204
08,117,0.00204
08,115,0.00204
45,077,0.00204
51,007,0.00204
40,123,0.00204
38,095,0.00204
29,157,0.00204
38,097,0.00204
29,155,0.00204
38,091,0.00204
29,153,0.00204
38,093,0.00204
29,151,0.00204
30,069,0.00204
38,099,0.00204
47,171,0.00204
47,173,0.00204
37,115,0.00204
40,125,0.00204
51,005,0.00204
47,085,0.00204
47,087,0.00204
47,083,0.00204
47,089,0.00204
19,081,0.00204
37,117,0.00204
22,113,0.00204
19,085,0.00204
16,055,0.00204
19,089,0.00204
16,051,0.00204
16,053,0.00204
51,003,0.00204
04,009,0.00204
04,001,0.00204
04,005,0.00204
04,007,0.00204
39,127,0.00204
39,125,0.00204
51,083,0.00204
51,081,0.00204
39,121,0.00204
72,015,0.00204
31,155,0.00204
51,089,0.00204
25,007,0.00204
21,019,0.00204
21,017,0.00204
21,013,0.00204
21,011,0.00204
22,063,0.00204
42,065,0.00204
22,061,0.00204
22,067,0.00204
22,065,0.00204
51,001,0.00204
22,069,0.00204
42,067,0.00204
46,111,0.00204
46,113,0.00204
49,009,0.00204
46,115,0.00204
46,117,0.00204
48,389,0.00204
46,119,0.00204
42,061,0.00204
49,033,0.00204
51,660,0.00204
56,033,0.00204
56,031,0.00204
56,037,0.00204
56,035,0.00204
56,039,0.00204
72,001,0.00204
21,169,0.00204
32,033,0.00204
21,163,0.00204
21,161,0.00204
21,167,0.00204
21,165,0.00204
06,005,0.00204
06,003,0.00204
49,031,0.00204
51,049,0.00204
06,009,0.00204
31,151,0.00204
49,039,0.00204
46,025,0.00204
46,027,0.00204
02,240,0.00204
46,023,0.00204
05,149,0.00204
20,163,0.00204
20,165,0.00204
20,167,0.00204
51,043,0.00204
48,353,0.00204
51,590,0.00204
17,013,0.00204
17,017,0.00204
17,015,0.00204
48,193,0.00204
51,047,0.00204
51,017,0.00204
02,068,0.00204
26,007,0.00204
26,001,0.00204
51,045,0.00204
26,003,0.00204
02,060,0.00204
55,049,0.00204
26,009,0.00204
48,505,0.00204
45,049,0.00204
48,501,0.00204
48,503,0.00204
48,499,0.00204
13,141,0.00204
13,143,0.00204
13,145,0.00204
13,147,0.00204
37,029,0.00204
13,149,0.00204
05,093,0.00204
05,095,0.00204
05,097,0.00204
42,105,0.00204
36,049,0.00204
17,169,0.00204
36,041,0.00204
72,153,0.00204
48,097,0.00204
38,069,0.00204
48,165,0.00204
48,163,0.00204
48,161,0.00204
38,061,0.00204
38,063,0.00204
38,065,0.00204
38,067,0.00204
20,187,0.00204
20,185,0.00204
20,183,0.00204
20,181,0.00204
20,189,0.00204
41,037,0.00204
40,039,0.00204
41,035,0.00204
41,033,0.00204
41,031,0.00204
13,035,0.00204
72,151,0.00204
13,037,0.00204
13,033,0.00204
30,033,0.00204
18,055,0.00204
48,095,0.00204
31,163,0.00204
29,017,0.00204
28,019,0.00204
29,015,0.00204
29,013,0.00204
72,127,0.00204
29,011,0.00204
28,011,0.00204
28,013,0.00204
28,015,0.00204
28,017,0.00204
51,037,0.00204
30,039,0.00204
08,105,0.00204
08,107,0.00204
08,103,0.00204
08,109,0.00204
18,123,0.00204
18,121,0.00204
18,125,0.00204
51,520,0.00204
31,161,0.00204
18,129,0.00204
55,041,0.00204
29,163,0.00204
38,087,0.00204
38,085,0.00204
29,167,0.00204
38,083,0.00204
38,081,0.00204
30,095,0.00204
40,121,0.00204
29,169,0.00204
30,091,0.00204
47,185,0.00204
46,015,0.00204
49,007,0.00204
47,181,0.00204
47,183,0.00204
48,451,0.00204
31,167,0.00204
72,123,0.00204
48,457,0.00204
28,161,0.00204
28,163,0.00204
48,107,0.00204
48,345,0.00204
40,127,0.00204
53,013,0.00204
48,031,0.00204
22,101,0.00204
22,103,0.00204
22,107,0.00204
22,109,0.00204
19,097,0.00204
19,091,0.00204
19,093,0.00204
31,165,0.00204
44,001,0.00204
04,012,0.00204
04,011,0.00204
04,017,0.00204
04,015,0.00204
51,091,0.00204
32,510,0.00204
51,093,0.00204
39,117,0.00204
51,095,0.00204
39,115,0.00204
51,097,0.00204
51,099,0.00204
21,009,0.00204
21,001,0.00204
21,003,0.00204
21,005,0.00204
21,007,0.00204
48,357,0.00204
22,079,0.00204
22,075,0.00204
22,077,0.00204
22,071,0.00204
22,073,0.00204
29,075,0.00204
46,101,0.00204
46,107,0.00204
46,105,0.00204
48,341,0.00204
46,109,0.00204
27,165,0.00204
53,017,0.00204
27,167,0.00204
27,161,0.00204
72,117,0.00204
21,175,0.00204
53,043,0.00204
21,177,0.00204
21,171,0.00204
21,173,0.00204
56,027,0.00204
56,023,0.00204
32,027,0.00204
32,023,0.00204
30,087,0.00204
32,029,0.00204
30,085,0.00204
06,015,0.00204
30,083,0.00204
49,029,0.00204
46,039,0.00204
42,047,0.00204
46,033,0.00204
26,165,0.00204
17,027,0.00204
17,025,0.00204
48,373,0.00204
48,371,0.00204
48,377,0.00204
48,225,0.00204
72,145,0.00204
51,820,0.00204
48,081,0.00204
26,013,0.00204
26,011,0.00204
02,070,0.00204
26,019,0.00204
42,113,0.00204
48,227,0.00204
46,063,0.00204
29,229,0.00204
72,147,0.00204
29,221,0.00204
29,223,0.00204
29,225,0.00204
29,227,0.00204
37,033,0.00204
05,089,0.00204
37,037,0.00204
05,083,0.00204
05,081,0.00204
37,039,0.00204
05,087,0.00204
36,039,0.00204
46,069,0.00204
42,131,0.00204
48,191,0.00204
36,031,0.00204
36,035,0.00204
08,009,0.00204
54,093,0.00204
54,095,0.00204
72,011,0.00204
48,153,0.00204
48,151,0.00204
48,155,0.00204
48,405,0.00204
48,159,0.00204
48,401,0.00204
48,403,0.00204
13,049,0.00204
41,021,0.00204
45,075,0.00204
41,023,0.00204
41,025,0.00204
45,071,0.00204
41,027,0.00204
48,089,0.00204
13,043,0.00204
13,047,0.00204
18,041,0.00204
48,223,0.00204
18,045,0.00204
72,143,0.00204
48,087,0.00204
55,078,0.00204
29,001,0.00204
29,003,0.00204
29,005,0.00204
29,007,0.00204
29,009,0.00204
31,171,0.00204
37,149,0.00204
72,115,0.00204
37,143,0.00204
37,145,0.00204
51,530,0.00204
05,029,0.00204
31,139,0.00204
48,173,0.00204
51,025,0.00204
31,135,0.00204
31,137,0.00204
31,131,0.00204
31,133,0.00204
51,015,0.00204
18,139,0.00204
18,131,0.00204
18,133,0.00204
48,079,0.00204
31,173,0.00204
53,059,0.00204
72,113,0.00204
72,111,0.00204
29,179,0.00204
30,089,0.00204
29,175,0.00204
29,177,0.00204
29,171,0.00204
29,173,0.00204
35,006,0.00204
08,007,0.00204
08,003,0.00204
31,175,0.00204
48,279,0.00204
72,119,0.00204
