county	count
48113	0.25714
41011	0.00408
45027	0.00408
45021	0.00816
41017	0.00816
45023	0.00408
24047	0.00816
4027	0.01224
24045	0.02041
24043	0.02041
4023	0.00408
24041	0.02041
29219	0.00408
36015	0.01224
19015	0.00408
13089	0.04082
19011	0.00408
39061	0.21633
6065	0.23673
54091	0.00408
39007	0.02041
39069	0.00816
36109	0.01633
36067	0.15510
37049	0.00408
36065	0.06939
13247	0.00408
39109	0.09796
13245	0.04898
36061	0.28571
36101	0.01633
34033	0.00816
36103	0.57551
37047	0.00408
31111	0.00408
19153	0.10204
39103	0.02857
39003	0.03265
54049	0.05714
17095	0.00408
6099	0.09796
6061	0.00816
48061	0.05714
22001	0.00408
12061	0.00408
6095	0.01224
28035	0.01224
6097	0.00816
1069	0.00816
20045	0.01224
37183	0.08980
48007	0.00408
40013	0.01224
13015	0.00408
40017	0.03265
51760	0.00816
27171	0.00816
48465	0.00408
40019	0.02041
41067	0.02449
13019	0.00408
22061	0.01633
24017	0.00408
47125	0.01633
1081	0.03673
49049	0.03265
1125	0.03265
1089	0.04490
18079	0.00408
54037	0.00816
24013	0.00816
13057	0.01633
54033	0.00408
18071	0.00408
21067	0.04898
21065	0.00408
54039	0.02041
45085	0.01224
26157	0.00816
42055	0.01633
26155	0.01224
12019	0.01224
42051	0.01633
26099	0.20816
12015	0.01224
48189	0.00816
12011	0.27755
26093	0.04082
26159	0.00408
26091	0.05714
37133	0.04898
18085	0.02041
45063	0.01224
37137	0.00408
18081	0.01633
37135	0.01224
18083	0.00816
29031	0.01224
1015	0.03265
37139	0.00816
1017	0.01633
18089	0.07755
29037	0.01224
39039	0.00408
17031	0.74286
5007	0.01633
13115	0.02041
17037	0.00408
47093	0.03673
17039	0.00816
26121	0.01224
18105	0.02041
18107	0.00408
21209	0.04082
18101	0.00408
17131	0.00408
39063	0.01224
8123	0.01633
17137	0.01633
27131	0.00408
26045	0.02857
6001	0.09796
21197	0.00408
39031	0.00408
12086	0.24490
34021	0.11020
26021	0.01224
34023	0.30204
6073	0.17143
34025	0.31837
6071	0.13878
34027	0.15102
53027	0.00816
34029	0.24082
1109	0.00408
12127	0.07347
47165	0.02857
47163	0.00816
19181	0.02449
19187	0.00408
17045	0.00408
17041	0.00408
13083	0.00408
17043	0.18776
55065	0.00408
47001	0.00408
48397	0.02041
19111	0.00408
19113	0.01633
39143	0.02449
19115	0.00408
39145	0.01633
27009	0.00408
39149	0.00816
48239	0.00408
37003	0.00408
27003	0.11837
37001	0.00816
47157	0.28163
36029	0.24082
42129	0.14694
48249	0.02041
51740	0.00816
42125	0.08980
48245	0.00408
54029	0.01224
36027	0.07347
36063	0.07347
48027	0.04490
41047	0.02041
41043	0.00408
45013	0.05306
28101	0.00408
45019	0.08163
48029	0.31429
36105	0.00408
19155	0.00816
37031	0.01633
29113	0.00816
22097	0.00408
27019	0.06531
22121	0.00408
48141	0.06122
20009	0.01224
48143	0.01224
46035	0.00408
24019	0.01633
13185	0.01224
24015	0.02041
47189	0.01633
39099	0.06939
13167	0.00408
13113	0.00816
42007	0.02041
39137	0.00408
27139	0.01224
13117	0.00408
37045	0.04898
39133	0.04082
37097	0.01633
39035	0.35510
40115	0.00408
36069	0.01633
39139	0.02449
27137	0.05714
21141	0.00408
51800	0.00408
21029	0.02041
39165	0.03673
39093	0.14694
54079	0.00408
12053	0.00816
22055	0.02041
40119	0.00816
27013	0.00816
12057	0.19592
22051	0.02857
25013	0.10204
25011	0.00408
29071	0.00408
25017	0.39184
25015	0.02857
42019	0.01224
1055	0.00408
48273	0.01224
6107	0.01633
42011	0.05306
39045	0.00408
42013	0.04490
6103	0.02041
6077	0.07347
6101	0.01633
42017	0.16327
35049	0.00408
30093	0.00408
51650	0.02041
48347	0.01224
51155	0.00816
48277	0.00408
34019	0.00408
56005	0.00408
30029	0.00408
1051	0.00408
34011	0.04490
34013	0.11837
34015	0.20000
34017	0.17959
54107	0.04082
21093	0.02041
18021	0.00816
18141	0.04898
21157	0.00408
21151	0.03265
26067	0.01633
39147	0.01633
26065	0.11429
37127	0.00816
19139	0.02041
38101	0.00408
12069	0.01224
6075	0.00408
23001	0.00408
49003	0.00816
6039	0.01633
42069	0.03265
1059	0.00408
29101	0.00408
29103	0.00408
17183	0.02041
6037	1.00000
17185	0.00816
42063	0.02041
26103	0.01633
47043	0.01633
47045	0.00408
20177	0.02041
20173	0.09388
37035	0.03673
17167	0.02449
17165	0.00408
17163	0.02449
17161	0.06939
44009	0.02041
18029	0.00408
8013	0.00408
55059	0.05306
55117	0.01224
50007	0.01224
1029	0.00816
31019	0.00816
48329	0.02041
31043	0.03265
53077	0.03265
53073	0.00408
48321	0.00408
48323	0.01633
8059	0.01224
45059	0.00408
48453	0.11837
45051	0.10204
41059	0.01633
48459	0.00408
45055	0.00408
16011	0.00408
41005	0.00408
47037	0.11429
29201	0.01224
28045	0.00408
19061	0.03265
20103	0.05306
37057	0.01224
13153	0.01224
37051	0.04082
13151	0.00408
39077	0.03673
13097	0.01224
13095	0.02857
37059	0.00408
42115	0.02449
48215	0.08980
33009	0.00816
36119	0.22041
36057	0.02449
36055	0.12245
5131	0.00408
55025	0.05306
48157	0.04898
39173	0.03673
36111	0.02041
42119	0.00408
36117	0.01224
33005	0.02449
51071	0.01224
53037	0.00408
36107	0.00408
9015	0.04898
22019	0.07755
9011	0.08571
9013	0.04490
28081	0.00408
22017	0.02041
22015	0.01224
24025	0.04898
24027	0.02857
24021	0.02857
39047	0.00408
24029	0.00408
20051	0.01224
39005	0.00816
40145	0.01224
13021	0.05714
27145	0.04490
40143	0.05306
40027	0.02857
30111	0.00408
13029	0.00408
37153	0.00408
39009	0.02857
40021	0.01633
21111	0.11837
21117	0.02857
40015	0.00408
18181	0.00408
18183	0.00408
54027	0.01633
21059	0.02041
18069	0.01224
36075	0.00408
18063	0.01224
18067	0.01224
32003	0.24082
42021	0.01633
29213	0.01224
42025	0.02041
26145	0.02449
42027	0.04898
26147	0.02449
42029	0.08980
26149	0.00408
12005	0.02857
17139	0.00408
12003	0.00408
28001	0.00408
18135	0.00408
51107	0.04082
37129	0.02041
51101	0.01224
29021	0.02449
1003	0.02449
29027	0.00408
21101	0.00408
30013	0.01224
34041	0.01224
35061	0.00408
53041	0.22041
5033	0.00408
5031	0.00408
18173	0.00408
15003	0.07755
55035	0.02041
17121	0.00408
46099	0.02857
37087	0.00408
24510	0.00816
18177	0.02449
39021	0.01224
30063	0.00816
6047	0.02041
45043	0.00408
23019	0.01224
26035	0.00408
53033	0.14286
26139	0.03265
53035	0.02041
17113	0.01633
26033	0.02449
39025	0.01633
20087	0.00408
47179	0.01224
29161	0.00408
6079	0.00816
48381	0.02041
39029	0.01224
47077	0.00816
1113	0.01633
36017	0.00408
19103	0.03265
55063	0.04898
26037	0.00816
36013	0.01224
13215	0.05306
36011	0.00816
13045	0.01224
39151	0.17143
13197	0.00816
36019	0.00408
37017	0.00408
19099	0.00408
2020	0.06531
37089	0.00408
48251	0.01224
29159	0.01224
48257	0.00408
41071	0.00408
39161	0.00408
42037	0.00408
13255	0.00408
48039	0.04082
13059	0.01224
55031	0.01224
48139	0.01633
47107	0.00408
20015	0.01224
47103	0.00408
34035	0.04490
48423	0.01224
48135	0.01633
13067	0.05306
13179	0.00408
51710	0.04490
42015	0.00408
4003	0.00816
28049	0.02449
27109	0.01224
51087	0.04898
40109	0.13061
51085	0.02857
13261	0.00816
39123	0.01224
39041	0.01633
40101	0.01633
37067	0.03265
45091	0.00816
19033	0.00816
37063	0.02041
16027	0.00408
51810	0.01224
25005	0.08980
25001	0.09796
28033	0.00816
21015	0.02041
25009	0.15102
22063	0.00408
29183	0.05306
54069	0.02449
48041	0.02041
50025	0.00408
29187	0.00816
45087	0.01633
29189	0.27755
37025	0.01224
22069	0.00408
54061	0.04082
6031	0.02041
40087	0.02041
39051	0.00816
37165	0.00816
1045	0.00408
28047	0.03265
33013	0.03673
45083	0.03265
37019	0.00408
6035	0.00816
40073	0.00408
39055	0.00408
40079	0.01224
31119	0.00408
34009	0.01224
34003	0.35510
22105	0.01224
34001	0.08163
34007	0.15510
34005	0.21633
48091	0.00408
21083	0.00408
32031	0.03673
2090	0.02449
54005	0.00408
18019	0.00816
18157	0.03265
16001	0.01224
6007	0.00408
26073	0.01633
26075	0.03265
26077	0.05714
13205	0.00408
22089	0.01224
28059	0.00408
54001	0.00408
29053	0.00408
48355	0.07755
46029	0.00408
42079	0.05306
42077	0.14286
49035	0.09796
54003	0.01633
37119	0.10612
42073	0.00408
42071	0.05306
20169	0.02041
48349	0.01224
20161	0.02857
55039	0.00816
5069	0.03265
5143	0.02449
48361	0.00816
17019	0.00816
48181	0.00816
38035	0.00408
51036	0.00816
17011	0.00408
19171	0.00816
47063	0.00408
55101	0.07347
55105	0.01633
13311	0.00408
28075	0.00816
13313	0.00816
55033	0.00408
17081	0.01224
31053	0.00408
53003	0.00408
53005	0.04490
31055	0.09388
17089	0.03673
35025	0.02041
36043	0.02041
27047	0.00408
48469	0.01224
8041	0.07755
48467	0.00816
27037	0.09388
55089	0.00816
45041	0.02041
45047	0.00408
45045	0.04898
47149	0.01633
47025	0.00816
26111	0.00816
47023	0.00408
36045	0.00408
20111	0.01633
47147	0.00408
17035	0.00408
37021	0.03265
33015	0.05714
37023	0.00408
33017	0.02449
39089	0.00408
33011	0.04898
37027	0.00408
19075	0.01224
39085	0.09796
39087	0.01224
39081	0.00408
6083	0.01224
42107	0.00816
39169	0.04082
42103	0.01224
42101	0.40816
51043	0.00408
26015	0.00408
51041	0.05306
48183	0.00408
39167	0.02041
48187	0.03265
55141	0.00408
46103	0.00408
9007	0.00816
48167	0.03265
9005	0.09388
9003	0.18367
36047	0.39592
9001	0.26122
16083	0.00816
9009	0.26939
17177	0.01633
26025	0.00816
24033	0.10612
24031	0.10204
13135	0.00408
39017	0.08980
40135	0.00408
39013	0.02857
39011	0.00816
16019	0.01224
40031	0.00816
27157	0.00408
13139	0.00408
13031	0.01633
41039	0.01633
40037	0.02041
18057	0.00816
18053	0.02041
18051	0.00408
21043	0.00816
17201	0.02449
53021	0.02041
54011	0.02041
19013	0.01633
51065	0.01224
45003	0.01224
48485	0.02449
39159	0.00408
48481	0.02449
33001	0.00408
35013	0.01633
12033	0.02857
18109	0.00816
12031	0.20816
48037	0.01633
48489	0.00816
29019	0.00816
37159	0.03265
28137	0.00408
42117	0.00816
51139	0.00408
37155	0.02041
37157	0.01224
17117	0.01224
17115	0.03673
8101	0.02857
21225	0.00408
17111	0.02449
21227	0.05306
53057	0.00408
5023	0.00408
5025	0.00816
53053	0.23265
17119	0.05306
18127	0.03673
36099	0.00408
39101	0.00408
36093	0.03265
13295	0.00408
36091	0.01224
12105	0.02041
12103	0.07347
12101	0.01633
13009	0.00408
12109	0.01224
26049	0.03265
42085	0.00816
26125	0.21633
6059	0.24082
1103	0.01633
23005	0.04898
6055	0.00408
6057	0.00816
31153	0.02449
42089	0.07347
38089	0.00408
5115	0.00408
10005	0.02449
5111	0.00408
10001	0.07755
10003	0.17551
20091	0.11020
47187	0.04082
5119	0.02449
48233	0.00816
48231	0.00816
17063	0.00816
21145	0.00408
17061	0.00408
27027	0.00816
5059	0.00408
47009	0.02449
5055	0.00408
55127	0.02449
47065	0.06531
36001	0.08980
18137	0.00408
36005	0.14286
51009	0.01633
36007	0.09388
36009	0.00408
55079	0.29796
51550	0.00408
48303	0.01224
12085	0.00408
48309	0.02449
13039	0.01224
45031	0.00408
53029	0.00816
45035	0.02857
12081	0.01633
48439	0.20408
42087	0.01224
47115	0.01224
47113	0.00816
47111	0.00408
48121	0.09388
47119	0.02041
51700	0.02857
4019	0.06531
13073	0.01224
54097	0.00408
13075	0.00408
13077	0.00408
4013	0.31020
27099	0.00816
27141	0.00408
39113	0.13061
39059	0.00816
36071	0.13469
53011	0.16327
37179	0.02041
37077	0.00408
39119	0.00408
39019	0.00408
36079	0.08163
39057	0.02041
13177	0.00408
37071	0.04082
54051	0.00408
18091	0.00816
18097	0.08571
18095	0.01224
17093	0.02041
48055	0.01633
22079	0.02041
26115	0.02041
6087	0.00816
6085	0.06531
12073	0.02449
22071	0.04082
12071	0.05306
6081	0.04898
39049	0.13878
6029	0.05306
37195	0.01224
1077	0.01224
37191	0.02041
1073	0.03673
51179	0.10204
20079	0.01224
51770	0.08163
27163	0.05306
26117	0.00408
27169	0.01633
13109	0.00408
18167	0.00408
1095	0.00408
1097	0.08980
18163	0.06122
1117	0.02041
51067	0.00816
56025	0.00408
49057	0.01633
21179	0.02041
18169	0.01633
37065	0.01633
21079	0.00816
18059	0.00408
39027	0.02041
19065	0.00408
39043	0.04490
21073	0.02041
18003	0.05714
6011	0.02857
6013	0.04082
1101	0.01633
6017	0.00408
6019	0.10204
37061	0.00816
26081	0.05306
6025	0.00816
53075	0.00408
42049	0.05306
37105	0.00816
45001	0.00408
6053	0.00816
37101	0.00816
42043	0.06939
26163	0.51429
42041	0.04490
26161	0.04898
42045	0.46939
37109	0.02041
8035	0.00408
8031	0.08980
17021	0.01633
35045	0.01633
20209	0.05306
17029	0.02041
51510	0.09388
17147	0.00816
21215	0.00408
17141	0.00408
17143	0.02449
36053	0.00816
45015	0.00816
55139	0.06122
37111	0.00408
55135	0.00408
25003	0.00816
55133	0.08571
36051	0.01224
55131	0.01224
12095	0.13878
26017	0.00816
12097	0.03265
6067	0.11837
12091	0.01224
17097	0.22857
34031	0.13469
53015	0.02041
42111	0.02041
17099	0.02041
12099	0.14694
31109	0.02449
34039	0.11837
48479	0.01224
48471	0.00816
19193	0.02041
55097	0.00816
51023	0.01633
12083	0.01224
47011	0.02041
55017	0.00408
36113	0.02041
5125	0.00408
47019	0.00408
36059	0.31429
47155	0.02041
39157	0.03673
39155	0.08163
29047	0.04490
39153	0.14286
19049	0.01633
19163	0.03673
48051	0.00408
39097	0.00408
19045	0.03673
39095	0.13469
19169	0.01633
5085	0.00816
42133	0.07755
38015	0.00408
55009	0.02857
29510	0.03673
28151	0.03265
39175	0.00408
36033	0.00408
36115	0.00816
38017	0.05714
36037	0.01633
54099	0.00408
22033	0.02041
41051	0.08571
41053	0.00816
44005	0.00816
22039	0.00408
44007	0.27347
44001	0.00816
44003	0.04898
55019	0.00408
48409	0.02449
12035	0.00408
29099	0.02041
45073	0.00816
29097	0.00408
17023	0.00408
29095	0.06939
24003	0.02857
24001	0.01633
24005	0.07755
20037	0.01224
20035	0.00408
39129	0.00816
13127	0.03265
37085	0.01633
48367	0.01224
48085	0.12245
13123	0.00408
37081	0.04898
13121	0.09388
41029	0.00816
27123	0.04898
12009	0.01224
45079	0.02449
13129	0.00408
18043	0.00816
21035	0.02041
21037	0.00816
18047	0.00408
18049	0.00408
21135	0.00408
12027	0.00408
54009	0.00408
36023	0.01224
25027	0.20000
25025	0.21633
25023	0.14694
25021	0.19184
42009	0.00408
48491	0.04490
13051	0.01224
6115	0.00408
42005	0.01224
42003	0.25714
6111	0.06939
42001	0.01224
6113	0.00408
51061	0.02041
17091	0.00816
51125	0.00408
37141	0.00408
37147	0.01224
28105	0.02449
53063	0.01633
53061	0.10204
53067	0.02449
8077	0.00408
18035	0.02857
18033	0.00816
22073	0.02857
36081	0.23265
36083	0.02857
18039	0.02041
36085	0.20000
36087	0.04490
12111	0.07347
12115	0.02857
12117	0.02857
8069	0.00816
1111	0.00408
42091	0.22857
29077	0.03265
1115	0.01633
42095	0.08571
17199	0.01224
42097	0.00816
17197	0.20408
6021	0.00408
17195	0.00408
6023	0.00816
26057	0.02449
23031	0.02857
40071	0.00408
27049	0.00408
48209	0.02449
47053	0.00816
48201	0.53878
20149	0.00408
47059	0.01633
42075	0.01224
27053	0.21633
19157	0.00408
17173	0.00408
8005	0.05306
5045	0.01633
17179	0.02857
8001	0.05306
17073	0.00408
50015	0.00408
51011	0.00408
51013	0.04082
19125	0.00408
19127	0.02041
35001	0.07347
48339	0.03265
16079	0.00204
16073	0.00204
53001	0.00204
16071	0.00204
16077	0.00204
16075	0.00204
4025	0.00204
48093	0.00204
4021	0.00204
31177	0.00204
72021	0.00204
19159	0.00204
39105	0.00204
39107	0.00204
19151	0.00204
72071	0.00204
40029	0.00204
48025	0.00204
22009	0.00204
22003	0.00204
22005	0.00204
40025	0.00204
22007	0.00204
46137	0.00204
46135	0.00204
72027	0.00204
27173	0.00204
51600	0.00204
21103	0.00204
21105	0.00204
21107	0.00204
21109	0.00204
32013	0.00204
32011	0.00204
51840	0.00204
32017	0.00204
32015	0.00204
47081	0.00204
32019	0.00204
41001	0.00204
42057	0.00204
26151	0.00204
42053	0.00204
12017	0.00204
42059	0.00204
12013	0.00204
51115	0.00204
72075	0.00204
46009	0.00204
51111	0.00204
51113	0.00204
46003	0.00204
42083	0.00204
2261	0.00204
46007	0.00204
72077	0.00204
46005	0.00204
17033	0.00204
48021	0.00204
39065	0.00204
72073	0.00204
26023	0.00204
26027	0.00204
12121	0.00204
12123	0.00204
12125	0.00204
48261	0.00204
20153	0.00204
72029	0.00204
5113	0.00204
37009	0.00204
37007	0.00204
37005	0.00204
48365	0.00204
48237	0.00204
36021	0.00204
36025	0.00204
48235	0.00204
72103	0.00204
48149	0.00204
48419	0.00204
48145	0.00204
48147	0.00204
72081	0.00204
45061	0.00204
45065	0.00204
45067	0.00204
13053	0.00204
13055	0.00204
72105	0.00204
37177	0.00204
37175	0.00204
37173	0.00204
37171	0.00204
5051	0.00204
54085	0.00204
54087	0.00204
54081	0.00204
54083	0.00204
54089	0.00204
31129	0.00204
31127	0.00204
31125	0.00204
31123	0.00204
31121	0.00204
18149	0.00204
37125	0.00204
18143	0.00204
18145	0.00204
18147	0.00204
72085	0.00204
37121	0.00204
29109	0.00204
46011	0.00204
72129	0.00204
37123	0.00204
29105	0.00204
29107	0.00204
30015	0.00204
30017	0.00204
8019	0.00204
8017	0.00204
30011	0.00204
8015	0.00204
8014	0.00204
8011	0.00204
55111	0.00204
55113	0.00204
55115	0.00204
55119	0.00204
46013	0.00204
51161	0.00204
47035	0.00204
47031	0.00204
47033	0.00204
72089	0.00204
47039	0.00204
18115	0.00204
55029	0.00204
19149	0.00204
39171	0.00204
19147	0.00204
19145	0.00204
19143	0.00204
55023	0.00204
19141	0.00204
72033	0.00204
48199	0.00204
30049	0.00204
22013	0.00204
22011	0.00204
46129	0.00204
46121	0.00204
46123	0.00204
46125	0.00204
46127	0.00204
27143	0.00204
16065	0.00204
16067	0.00204
27147	0.00204
16061	0.00204
16063	0.00204
27149	0.00204
18119	0.00204
16069	0.00204
72035	0.00204
21113	0.00204
21115	0.00204
48447	0.00204
21119	0.00204
56045	0.00204
32009	0.00204
32005	0.00204
32007	0.00204
32001	0.00204
26141	0.00204
42023	0.00204
26143	0.00204
2270	0.00204
12001	0.00204
48129	0.00204
51103	0.00204
72037	0.00204
51109	0.00204
13289	0.00204
13287	0.00204
51127	0.00204
13285	0.00204
13283	0.00204
13281	0.00204
2050	0.00204
30061	0.00204
48219	0.00204
48127	0.00204
53039	0.00204
26039	0.00204
49047	0.00204
12131	0.00204
26031	0.00204
49045	0.00204
48229	0.00204
20089	0.00204
20085	0.00204
30067	0.00204
20083	0.00204
20081	0.00204
49043	0.00204
49041	0.00204
13199	0.00204
13193	0.00204
37011	0.00204
13191	0.00204
37013	0.00204
37015	0.00204
13195	0.00204
48311	0.00204
48313	0.00204
48315	0.00204
48317	0.00204
48319	0.00204
48429	0.00204
48131	0.00204
48133	0.00204
48137	0.00204
47175	0.00204
13065	0.00204
13063	0.00204
55011	0.00204
13061	0.00204
47177	0.00204
47069	0.00204
13069	0.00204
13265	0.00204
13267	0.00204
13263	0.00204
72097	0.00204
13269	0.00204
45089	0.00204
40089	0.00204
48047	0.00204
48217	0.00204
48043	0.00204
40081	0.00204
26153	0.00204
40083	0.00204
40085	0.00204
20065	0.00204
37161	0.00204
20067	0.00204
37163	0.00204
20061	0.00204
20063	0.00204
37167	0.00204
20069	0.00204
48351	0.00204
72095	0.00204
45081	0.00204
31113	0.00204
31117	0.00204
31115	0.00204
48211	0.00204
18159	0.00204
18153	0.00204
18151	0.00204
18155	0.00204
51117	0.00204
72093	0.00204
72139	0.00204
29119	0.00204
29111	0.00204
29117	0.00204
29115	0.00204
51033	0.00204
8029	0.00204
8023	0.00204
8021	0.00204
8027	0.00204
8025	0.00204
55103	0.00204
55107	0.00204
51119	0.00204
51035	0.00204
72091	0.00204
55069	0.00204
48363	0.00204
47027	0.00204
47021	0.00204
47029	0.00204
19179	0.00204
19173	0.00204
39163	0.00204
19177	0.00204
19175	0.00204
22027	0.00204
22025	0.00204
22023	0.00204
22021	0.00204
22029	0.00204
72045	0.00204
51620	0.00204
16013	0.00204
39015	0.00204
16015	0.00204
27159	0.00204
16017	0.00204
27155	0.00204
27151	0.00204
27153	0.00204
22117	0.00204
21129	0.00204
21127	0.00204
21125	0.00204
21123	0.00204
22115	0.00204
21121	0.00204
16059	0.00204
46061	0.00204
2201	0.00204
12039	0.00204
42031	0.00204
46065	0.00204
22111	0.00204
46067	0.00204
42035	0.00204
42039	0.00204
12037	0.00204
40003	0.00204
51133	0.00204
51131	0.00204
51137	0.00204
51135	0.00204
40005	0.00204
16057	0.00204
40007	0.00204
72041	0.00204
13299	0.00204
22119	0.00204
13291	0.00204
13293	0.00204
13297	0.00204
12107	0.00204
26041	0.00204
26043	0.00204
26047	0.00204
20099	0.00204
19095	0.00204
20093	0.00204
20095	0.00204
20097	0.00204
13187	0.00204
13181	0.00204
13183	0.00204
5057	0.00204
13189	0.00204
5053	0.00204
12129	0.00204
36003	0.00204
1107	0.00204
48301	0.00204
48307	0.00204
48305	0.00204
48435	0.00204
48437	0.00204
48431	0.00204
48433	0.00204
30047	0.00204
27111	0.00204
72099	0.00204
48123	0.00204
26029	0.00204
48125	0.00204
13071	0.00204
13079	0.00204
13277	0.00204
13275	0.00204
13273	0.00204
13271	0.00204
13279	0.00204
18099	0.00204
18093	0.00204
27113	0.00204
48057	0.00204
40099	0.00204
48053	0.00204
40093	0.00204
40091	0.00204
40097	0.00204
40095	0.00204
20077	0.00204
20075	0.00204
37199	0.00204
20073	0.00204
20071	0.00204
37197	0.00204
37193	0.00204
48369	0.00204
72049	0.00204
28021	0.00204
18165	0.00204
18161	0.00204
27115	0.00204
28023	0.00204
16021	0.00204
28025	0.00204
29127	0.00204
48399	0.00204
29125	0.00204
19035	0.00204
29123	0.00204
28027	0.00204
29121	0.00204
51595	0.00204
20139	0.00204
29129	0.00204
16025	0.00204
28029	0.00204
48411	0.00204
8037	0.00204
8033	0.00204
72031	0.00204
35047	0.00204
8039	0.00204
35043	0.00204
20133	0.00204
20131	0.00204
72023	0.00204
55137	0.00204
5133	0.00204
31105	0.00204
31107	0.00204
31103	0.00204
37103	0.00204
72025	0.00204
48009	0.00204
47013	0.00204
47017	0.00204
47015	0.00204
19165	0.00204
19167	0.00204
19161	0.00204
27015	0.00204
27017	0.00204
27011	0.00204
55003	0.00204
51580	0.00204
55007	0.00204
55005	0.00204
22031	0.00204
22035	0.00204
22037	0.00204
51630	0.00204
51031	0.00204
48391	0.00204
27129	0.00204
16003	0.00204
16007	0.00204
16005	0.00204
27121	0.00204
16009	0.00204
27125	0.00204
27127	0.00204
21139	0.00204
21131	0.00204
21133	0.00204
21137	0.00204
2180	0.00204
12021	0.00204
2185	0.00204
12023	0.00204
19087	0.00204
2188	0.00204
12029	0.00204
46073	0.00204
42127	0.00204
30081	0.00204
46075	0.00204
46079	0.00204
42121	0.00204
42123	0.00204
51121	0.00204
46053	0.00204
45017	0.00204
35059	0.00204
12113	0.00204
12119	0.00204
41041	0.00204
26059	0.00204
26053	0.00204
26051	0.00204
17193	0.00204
17191	0.00204
26055	0.00204
48203	0.00204
41069	0.00204
48207	0.00204
48205	0.00204
17175	0.00204
17171	0.00204
5047	0.00204
5041	0.00204
51141	0.00204
48337	0.00204
48335	0.00204
48333	0.00204
48331	0.00204
48117	0.00204
48115	0.00204
48111	0.00204
40153	0.00204
40151	0.00204
48119	0.00204
48417	0.00204
48415	0.00204
13085	0.00204
13087	0.00204
13081	0.00204
13243	0.00204
13241	0.00204
13249	0.00204
29087	0.00204
31101	0.00204
48063	0.00204
48067	0.00204
48065	0.00204
48069	0.00204
20043	0.00204
20041	0.00204
20047	0.00204
37189	0.00204
37187	0.00204
20049	0.00204
37185	0.00204
37181	0.00204
21085	0.00204
1129	0.00204
18175	0.00204
1121	0.00204
1123	0.00204
1127	0.00204
54035	0.00204
54031	0.00204
29131	0.00204
29133	0.00204
29135	0.00204
29137	0.00204
29139	0.00204
18087	0.00204
1019	0.00204
1011	0.00204
1013	0.00204
8043	0.00204
31009	0.00204
8045	0.00204
8047	0.00204
31005	0.00204
8049	0.00204
31007	0.00204
35055	0.00204
31001	0.00204
35053	0.00204
31003	0.00204
35051	0.00204
45069	0.00204
55129	0.00204
11001	0.00204
48099	0.00204
55121	0.00204
55123	0.00204
55125	0.00204
28087	0.00204
28085	0.00204
28083	0.00204
31179	0.00204
28089	0.00204
48083	0.00204
51079	0.00204
47005	0.00204
47007	0.00204
47003	0.00204
39141	0.00204
19117	0.00204
19119	0.00204
27007	0.00204
27005	0.00204
27001	0.00204
30097	0.00204
51077	0.00204
49037	0.00204
51057	0.00204
51051	0.00204
46021	0.00204
51053	0.00204
19029	0.00204
16039	0.00204
19025	0.00204
27133	0.00204
16035	0.00204
19021	0.00204
16031	0.00204
27135	0.00204
51059	0.00204
12051	0.00204
12055	0.00204
12059	0.00204
46049	0.00204
46047	0.00204
46045	0.00204
46043	0.00204
2220	0.00204
51159	0.00204
5147	0.00204
51153	0.00204
51157	0.00204
48385	0.00204
5145	0.00204
21097	0.00204
21095	0.00204
21091	0.00204
5141	0.00204
55001	0.00204
21099	0.00204
26063	0.00204
26061	0.00204
26069	0.00204
17189	0.00204
17181	0.00204
17187	0.00204
5079	0.00204
5073	0.00204
5071	0.00204
5077	0.00204
5075	0.00204
2150	0.00204
48325	0.00204
48327	0.00204
48101	0.00204
48103	0.00204
48105	0.00204
39067	0.00204
48109	0.00204
13099	0.00204
13093	0.00204
13091	0.00204
13259	0.00204
48213	0.00204
13257	0.00204
13251	0.00204
13253	0.00204
48075	0.00204
48077	0.00204
48071	0.00204
48073	0.00204
26005	0.00204
20059	0.00204
24023	0.00204
20055	0.00204
20057	0.00204
20053	0.00204
40147	0.00204
40141	0.00204
40149	0.00204
72079	0.00204
53007	0.00204
1133	0.00204
1131	0.00204
53009	0.00204
54025	0.00204
54023	0.00204
54021	0.00204
55037	0.00204
1009	0.00204
1007	0.00204
1005	0.00204
1001	0.00204
8053	0.00204
8051	0.00204
8057	0.00204
8055	0.00204
31017	0.00204
31015	0.00204
30019	0.00204
31013	0.00204
31011	0.00204
15007	0.00204
48507	0.00204
30065	0.00204
15001	0.00204
15009	0.00204
51069	0.00204
39023	0.00204
23011	0.00204
28091	0.00204
23013	0.00204
28093	0.00204
23015	0.00204
28095	0.00204
23017	0.00204
28097	0.00204
28099	0.00204
31169	0.00204
47079	0.00204
49025	0.00204
47071	0.00204
47073	0.00204
47075	0.00204
55061	0.00204
27039	0.00204
19101	0.00204
19107	0.00204
55067	0.00204
19105	0.00204
27033	0.00204
27031	0.00204
19109	0.00204
27035	0.00204
47105	0.00204
47101	0.00204
48393	0.00204
47109	0.00204
27107	0.00204
27105	0.00204
27103	0.00204
27101	0.00204
29067	0.00204
48455	0.00204
16029	0.00204
72047	0.00204
19039	0.00204
19037	0.00204
16023	0.00204
19031	0.00204
5099	0.00204
72043	0.00204
12043	0.00204
12041	0.00204
12047	0.00204
48395	0.00204
12045	0.00204
12049	0.00204
72125	0.00204
46059	0.00204
46051	0.00204
2232	0.00204
46055	0.00204
46057	0.00204
72121	0.00204
5091	0.00204
51143	0.00204
29069	0.00204
51147	0.00204
56021	0.00204
51145	0.00204
33019	0.00204
21081	0.00204
21087	0.00204
21089	0.00204
51830	0.00204
26071	0.00204
26079	0.00204
5065	0.00204
5067	0.00204
5061	0.00204
5063	0.00204
51063	0.00204
17153	0.00204
48269	0.00204
17151	0.00204
46071	0.00204
17157	0.00204
17155	0.00204
17159	0.00204
46077	0.00204
13319	0.00204
13315	0.00204
13317	0.00204
48185	0.00204
17083	0.00204
17085	0.00204
17087	0.00204
42109	0.00204
49027	0.00204
48463	0.00204
48461	0.00204
20119	0.00204
20115	0.00204
20117	0.00204
20113	0.00204
36123	0.00204
36121	0.00204
13229	0.00204
48263	0.00204
48265	0.00204
48267	0.00204
13221	0.00204
13223	0.00204
13225	0.00204
13227	0.00204
51640	0.00204
55091	0.00204
40049	0.00204
40045	0.00204
40047	0.00204
40041	0.00204
40043	0.00204
48001	0.00204
40001	0.00204
48003	0.00204
48005	0.00204
20029	0.00204
24037	0.00204
24035	0.00204
20021	0.00204
20023	0.00204
20025	0.00204
20027	0.00204
24039	0.00204
13137	0.00204
13131	0.00204
13133	0.00204
55051	0.00204
40139	0.00204
72141	0.00204
55053	0.00204
72069	0.00204
72067	0.00204
72065	0.00204
56017	0.00204
72061	0.00204
54013	0.00204
54017	0.00204
54015	0.00204
54019	0.00204
48487	0.00204
38019	0.00204
48483	0.00204
30075	0.00204
38011	0.00204
38013	0.00204
1039	0.00204
1033	0.00204
1031	0.00204
1037	0.00204
1035	0.00204
30007	0.00204
31029	0.00204
30005	0.00204
30003	0.00204
31023	0.00204
8067	0.00204
31021	0.00204
8065	0.00204
31027	0.00204
8063	0.00204
31025	0.00204
8061	0.00204
55027	0.00204
51540	0.00204
23003	0.00204
28069	0.00204
23007	0.00204
31159	0.00204
28065	0.00204
28067	0.00204
23009	0.00204
28061	0.00204
28063	0.00204
27025	0.00204
27021	0.00204
27023	0.00204
47061	0.00204
27029	0.00204
40131	0.00204
55071	0.00204
55077	0.00204
55075	0.00204
19137	0.00204
19135	0.00204
19133	0.00204
40133	0.00204
19131	0.00204
50021	0.00204
50027	0.00204
40137	0.00204
47117	0.00204
8085	0.00204
8087	0.00204
8081	0.00204
8083	0.00204
27119	0.00204
8089	0.00204
40035	0.00204
28115	0.00204
19009	0.00204
28111	0.00204
28113	0.00204
19003	0.00204
39053	0.00204
19001	0.00204
19007	0.00204
19005	0.00204
12079	0.00204
6089	0.00204
12077	0.00204
12075	0.00204
51177	0.00204
49011	0.00204
51175	0.00204
51173	0.00204
51171	0.00204
49013	0.00204
51775	0.00204
42093	0.00204
48449	0.00204
49015	0.00204
46083	0.00204
46081	0.00204
46087	0.00204
49017	0.00204
46085	0.00204
49055	0.00204
46089	0.00204
49051	0.00204
72003	0.00204
49053	0.00204
72063	0.00204
42099	0.00204
21075	0.00204
21077	0.00204
21071	0.00204
26089	0.00204
26085	0.00204
26087	0.00204
26083	0.00204
5011	0.00204
5013	0.00204
5015	0.00204
5017	0.00204
5019	0.00204
21219	0.00204
17149	0.00204
21211	0.00204
17145	0.00204
21213	0.00204
21217	0.00204
21189	0.00204
13309	0.00204
21181	0.00204
13307	0.00204
21183	0.00204
13305	0.00204
21185	0.00204
13303	0.00204
21187	0.00204
13301	0.00204
12093	0.00204
6069	0.00204
48473	0.00204
48475	0.00204
48477	0.00204
5129	0.00204
20109	0.00204
20107	0.00204
20105	0.00204
5121	0.00204
20101	0.00204
51075	0.00204
55021	0.00204
51073	0.00204
13239	0.00204
48275	0.00204
13233	0.00204
13231	0.00204
13237	0.00204
13235	0.00204
41055	0.00204
41057	0.00204
5049	0.00204
40059	0.00204
40057	0.00204
40055	0.00204
40053	0.00204
40051	0.00204
48019	0.00204
48013	0.00204
48011	0.00204
29093	0.00204
48017	0.00204
29091	0.00204
48015	0.00204
20039	0.00204
20033	0.00204
24009	0.00204
20031	0.00204
13125	0.00204
37083	0.00204
40129	0.00204
72059	0.00204
72053	0.00204
72051	0.00204
72057	0.00204
72055	0.00204
72054	0.00204
54007	0.00204
1025	0.00204
48497	0.00204
1027	0.00204
48495	0.00204
1021	0.00204
48493	0.00204
1023	0.00204
38009	0.00204
38007	0.00204
38005	0.00204
38003	0.00204
38001	0.00204
8079	0.00204
30031	0.00204
30037	0.00204
30035	0.00204
8071	0.00204
8073	0.00204
8075	0.00204
18037	0.00204
18031	0.00204
72133	0.00204
30001	0.00204
31149	0.00204
28079	0.00204
1119	0.00204
28077	0.00204
35041	0.00204
29079	0.00204
28073	0.00204
28071	0.00204
47057	0.00204
47055	0.00204
47051	0.00204
27051	0.00204
27055	0.00204
27057	0.00204
27059	0.00204
30009	0.00204
50017	0.00204
19129	0.00204
50013	0.00204
50011	0.00204
55047	0.00204
19121	0.00204
55045	0.00204
19123	0.00204
55043	0.00204
50019	0.00204
31035	0.00204
35003	0.00204
31037	0.00204
35005	0.00204
31031	0.00204
35007	0.00204
31033	0.00204
35009	0.00204
31039	0.00204
48441	0.00204
48443	0.00204
47123	0.00204
47121	0.00204
47127	0.00204
48445	0.00204
47129	0.00204
8097	0.00204
8095	0.00204
19017	0.00204
8093	0.00204
8091	0.00204
19019	0.00204
8099	0.00204
28107	0.00204
28103	0.00204
39001	0.00204
28109	0.00204
72083	0.00204
6091	0.00204
6093	0.00204
12063	0.00204
12065	0.00204
12067	0.00204
29211	0.00204
51163	0.00204
51165	0.00204
51167	0.00204
51169	0.00204
72109	0.00204
29215	0.00204
29217	0.00204
46095	0.00204
46097	0.00204
46091	0.00204
46093	0.00204
21069	0.00204
21063	0.00204
21061	0.00204
72101	0.00204
26097	0.00204
26095	0.00204
1105	0.00204
56043	0.00204
30099	0.00204
5003	0.00204
5001	0.00204
56041	0.00204
72107	0.00204
5005	0.00204
5009	0.00204
31157	0.00204
21203	0.00204
17133	0.00204
21201	0.00204
17135	0.00204
21207	0.00204
21205	0.00204
21199	0.00204
21193	0.00204
21191	0.00204
21195	0.00204
12087	0.00204
2164	0.00204
12089	0.00204
48169	0.00204
17047	0.00204
5139	0.00204
5137	0.00204
5135	0.00204
20137	0.00204
20135	0.00204
13207	0.00204
13201	0.00204
13209	0.00204
48247	0.00204
48243	0.00204
48241	0.00204
40069	0.00204
41045	0.00204
45011	0.00204
29073	0.00204
40063	0.00204
40061	0.00204
40067	0.00204
40065	0.00204
41049	0.00204
20007	0.00204
29089	0.00204
20005	0.00204
46017	0.00204
20003	0.00204
20001	0.00204
29081	0.00204
29083	0.00204
29085	0.00204
24011	0.00204
37091	0.00204
13111	0.00204
37093	0.00204
37095	0.00204
12007	0.00204
40117	0.00204
37099	0.00204
13119	0.00204
40113	0.00204
40111	0.00204
46019	0.00204
54043	0.00204
54071	0.00204
54073	0.00204
54075	0.00204
54077	0.00204
38039	0.00204
1053	0.00204
1057	0.00204
38033	0.00204
38031	0.00204
38037	0.00204
47067	0.00204
51105	0.00204
51790	0.00204
55073	0.00204
30025	0.00204
30027	0.00204
30021	0.00204
30023	0.00204
54105	0.00204
18027	0.00204
18025	0.00204
54101	0.00204
18023	0.00204
54103	0.00204
54109	0.00204
38105	0.00204
38103	0.00204
23029	0.00204
29065	0.00204
29063	0.00204
29061	0.00204
28043	0.00204
23021	0.00204
28041	0.00204
23023	0.00204
23025	0.00204
23027	0.00204
47041	0.00204
47047	0.00204
47049	0.00204
27043	0.00204
27041	0.00204
27045	0.00204
53049	0.00204
50001	0.00204
50003	0.00204
50005	0.00204
50009	0.00204
51570	0.00204
55055	0.00204
55057	0.00204
31041	0.00204
35011	0.00204
31045	0.00204
35017	0.00204
31047	0.00204
35015	0.00204
31049	0.00204
35019	0.00204
51680	0.00204
51683	0.00204
51685	0.00204
47139	0.00204
50023	0.00204
47135	0.00204
47137	0.00204
47131	0.00204
47133	0.00204
39071	0.00204
19063	0.00204
39073	0.00204
39075	0.00204
19067	0.00204
19069	0.00204
39079	0.00204
28133	0.00204
28131	0.00204
28135	0.00204
28139	0.00204
51199	0.00204
51195	0.00204
51197	0.00204
16049	0.00204
51191	0.00204
51193	0.00204
22081	0.00204
22083	0.00204
40011	0.00204
22085	0.00204
22087	0.00204
16047	0.00204
16045	0.00204
2280	0.00204
2282	0.00204
16043	0.00204
21053	0.00204
21051	0.00204
16041	0.00204
21057	0.00204
21055	0.00204
51149	0.00204
21237	0.00204
21235	0.00204
21233	0.00204
21231	0.00204
5039	0.00204
53045	0.00204
5037	0.00204
53047	0.00204
5035	0.00204
21239	0.00204
17129	0.00204
13321	0.00204
17123	0.00204
17127	0.00204
17125	0.00204
48179	0.00204
56019	0.00204
72087	0.00204
26135	0.00204
6043	0.00204
26137	0.00204
6041	0.00204
26131	0.00204
26133	0.00204
6045	0.00204
2110	0.00204
6049	0.00204
20125	0.00204
20127	0.00204
20121	0.00204
20123	0.00204
20129	0.00204
17057	0.00204
17055	0.00204
17053	0.00204
12133	0.00204
5103	0.00204
5101	0.00204
5107	0.00204
5105	0.00204
13211	0.00204
13213	0.00204
13217	0.00204
13219	0.00204
27117	0.00204
48259	0.00204
48253	0.00204
48255	0.00204
45007	0.00204
45005	0.00204
45009	0.00204
20011	0.00204
20013	0.00204
20017	0.00204
20019	0.00204
28117	0.00204
37069	0.00204
13105	0.00204
13107	0.00204
13101	0.00204
13103	0.00204
48221	0.00204
29181	0.00204
38025	0.00204
38027	0.00204
29185	0.00204
38021	0.00204
29186	0.00204
54063	0.00204
38029	0.00204
54065	0.00204
1043	0.00204
1041	0.00204
1047	0.00204
28119	0.00204
1049	0.00204
40075	0.00204
5109	0.00204
48059	0.00204
30059	0.00204
72149	0.00204
30051	0.00204
30053	0.00204
17051	0.00204
30055	0.00204
5043	0.00204
18013	0.00204
18011	0.00204
18017	0.00204
18015	0.00204
48383	0.00204
28055	0.00204
28057	0.00204
28051	0.00204
28053	0.00204
48387	0.00204
29051	0.00204
29057	0.00204
29055	0.00204
72039	0.00204
29059	0.00204
17059	0.00204
72019	0.00204
72017	0.00204
27079	0.00204
27077	0.00204
31185	0.00204
27075	0.00204
27073	0.00204
31181	0.00204
27071	0.00204
31183	0.00204
72013	0.00204
31051	0.00204
31057	0.00204
35029	0.00204
35027	0.00204
31059	0.00204
35023	0.00204
35021	0.00204
55083	0.00204
55081	0.00204
55087	0.00204
55085	0.00204
51690	0.00204
47141	0.00204
47143	0.00204
47145	0.00204
19073	0.00204
19071	0.00204
19077	0.00204
19079	0.00204
38047	0.00204
39083	0.00204
28129	0.00204
35057	0.00204
28125	0.00204
28127	0.00204
28121	0.00204
28123	0.00204
16081	0.00204
16087	0.00204
16085	0.00204
51610	0.00204
51187	0.00204
51185	0.00204
51183	0.00204
51181	0.00204
27095	0.00204
22093	0.00204
27097	0.00204
22091	0.00204
27091	0.00204
27093	0.00204
22095	0.00204
22099	0.00204
21045	0.00204
21047	0.00204
21041	0.00204
17203	0.00204
2290	0.00204
21049	0.00204
53023	0.00204
48033	0.00204
48035	0.00204
72005	0.00204
39033	0.00204
51678	0.00204
21221	0.00204
21223	0.00204
5021	0.00204
21229	0.00204
53055	0.00204
5027	0.00204
53051	0.00204
36097	0.00204
36095	0.00204
51670	0.00204
26127	0.00204
26123	0.00204
42081	0.00204
2100	0.00204
6051	0.00204
26129	0.00204
20151	0.00204
5117	0.00204
20155	0.00204
20157	0.00204
20159	0.00204
17067	0.00204
17065	0.00204
17069	0.00204
48421	0.00204
56029	0.00204
30077	0.00204
48427	0.00204
48425	0.00204
30073	0.00204
45033	0.00204
45037	0.00204
30071	0.00204
41065	0.00204
45039	0.00204
41061	0.00204
41063	0.00204
48283	0.00204
48281	0.00204
48287	0.00204
48285	0.00204
48289	0.00204
36077	0.00204
36073	0.00204
37079	0.00204
13171	0.00204
13173	0.00204
37075	0.00204
13175	0.00204
37073	0.00204
54057	0.00204
54055	0.00204
54053	0.00204
32021	0.00204
54059	0.00204
38051	0.00204
38053	0.00204
38055	0.00204
29197	0.00204
38057	0.00204
29195	0.00204
38059	0.00204
29199	0.00204
1079	0.00204
1075	0.00204
1071	0.00204
13005	0.00204
13007	0.00204
13001	0.00204
13003	0.00204
40009	0.00204
1091	0.00204
1093	0.00204
30043	0.00204
30041	0.00204
1099	0.00204
30045	0.00204
72007	0.00204
18009	0.00204
18005	0.00204
18007	0.00204
18001	0.00204
20205	0.00204
20207	0.00204
40103	0.00204
20201	0.00204
20203	0.00204
18171	0.00204
40105	0.00204
37107	0.00204
29049	0.00204
29045	0.00204
29041	0.00204
29043	0.00204
31091	0.00204
27069	0.00204
51515	0.00204
27061	0.00204
27063	0.00204
48197	0.00204
27065	0.00204
27067	0.00204
34037	0.00204
35039	0.00204
31069	0.00204
31067	0.00204
35031	0.00204
31065	0.00204
35033	0.00204
31063	0.00204
35035	0.00204
31061	0.00204
35037	0.00204
51021	0.00204
55099	0.00204
55015	0.00204
19191	0.00204
55095	0.00204
19195	0.00204
19197	0.00204
55093	0.00204
31085	0.00204
31087	0.00204
47159	0.00204
31081	0.00204
31083	0.00204
46037	0.00204
47153	0.00204
47151	0.00204
31089	0.00204
48045	0.00204
51027	0.00204
19047	0.00204
19043	0.00204
19041	0.00204
39091	0.00204
28159	0.00204
51029	0.00204
28153	0.00204
46031	0.00204
28155	0.00204
28157	0.00204
38023	0.00204
48379	0.00204
48343	0.00204
48049	0.00204
54067	0.00204
27087	0.00204
27085	0.00204
27083	0.00204
27081	0.00204
51730	0.00204
51735	0.00204
27089	0.00204
21031	0.00204
21033	0.00204
21039	0.00204
22045	0.00204
39111	0.00204
22047	0.00204
22041	0.00204
48375	0.00204
22043	0.00204
18179	0.00204
22049	0.00204
28141	0.00204
37169	0.00204
56015	0.00204
17101	0.00204
53069	0.00204
17103	0.00204
56011	0.00204
17105	0.00204
56013	0.00204
17107	0.00204
17109	0.00204
53065	0.00204
36089	0.00204
21149	0.00204
21147	0.00204
21143	0.00204
2130	0.00204
26113	0.00204
40077	0.00204
49019	0.00204
26119	0.00204
6027	0.00204
20143	0.00204
20141	0.00204
20147	0.00204
20145	0.00204
48195	0.00204
17079	0.00204
17075	0.00204
17077	0.00204
17071	0.00204
51019	0.00204
48413	0.00204
41019	0.00204
45029	0.00204
45025	0.00204
41013	0.00204
41015	0.00204
48299	0.00204
48295	0.00204
48297	0.00204
53025	0.00204
48291	0.00204
48293	0.00204
2170	0.00204
13169	0.00204
37043	0.00204
13163	0.00204
37041	0.00204
13161	0.00204
13165	0.00204
54041	0.00204
54045	0.00204
54047	0.00204
6063	0.00204
38043	0.00204
38041	0.00204
30057	0.00204
38045	0.00204
38049	0.00204
53019	0.00204
1061	0.00204
1063	0.00204
1065	0.00204
1067	0.00204
13017	0.00204
13013	0.00204
30109	0.00204
13011	0.00204
30107	0.00204
30105	0.00204
30103	0.00204
30101	0.00204
1087	0.00204
1085	0.00204
1083	0.00204
17049	0.00204
18073	0.00204
18075	0.00204
18077	0.00204
28031	0.00204
28037	0.00204
28039	0.00204
29039	0.00204
37131	0.00204
29033	0.00204
29035	0.00204
47099	0.00204
47091	0.00204
47097	0.00204
47095	0.00204
16037	0.00204
18103	0.00204
8125	0.00204
19027	0.00204
8121	0.00204
39037	0.00204
16033	0.00204
29145	0.00204
31079	0.00204
29147	0.00204
29141	0.00204
19023	0.00204
29143	0.00204
31071	0.00204
31073	0.00204
29149	0.00204
31075	0.00204
30079	0.00204
31077	0.00204
47167	0.00204
19189	0.00204
47161	0.00204
19183	0.00204
47169	0.00204
19185	0.00204
31097	0.00204
31095	0.00204
31093	0.00204
31099	0.00204
19059	0.00204
5127	0.00204
49021	0.00204
19051	0.00204
19053	0.00204
19055	0.00204
19057	0.00204
31141	0.00204
28149	0.00204
28143	0.00204
5123	0.00204
28147	0.00204
28145	0.00204
37113	0.00204
72131	0.00204
22123	0.00204
22127	0.00204
22125	0.00204
49023	0.00204
31143	0.00204
72135	0.00204
39135	0.00204
39131	0.00204
51720	0.00204
72137	0.00204
21023	0.00204
21021	0.00204
21027	0.00204
21025	0.00204
22057	0.00204
25019	0.00204
22053	0.00204
22059	0.00204
6109	0.00204
31145	0.00204
6105	0.00204
48271	0.00204
56007	0.00204
56003	0.00204
56001	0.00204
53031	0.00204
56009	0.00204
21159	0.00204
21155	0.00204
21153	0.00204
2122	0.00204
31147	0.00204
49001	0.00204
26109	0.00204
49005	0.00204
6033	0.00204
26105	0.00204
26107	0.00204
26101	0.00204
48359	0.00204
40107	0.00204
20179	0.00204
20175	0.00204
20171	0.00204
17009	0.00204
46041	0.00204
17001	0.00204
17003	0.00204
17005	0.00204
17007	0.00204
53071	0.00204
2016	0.00204
2013	0.00204
41009	0.00204
41003	0.00204
45053	0.00204
40033	0.00204
41007	0.00204
45057	0.00204
29203	0.00204
29207	0.00204
29205	0.00204
29209	0.00204
13157	0.00204
37055	0.00204
13155	0.00204
37053	0.00204
13159	0.00204
33003	0.00204
33007	0.00204
48023	0.00204
55109	0.00204
48175	0.00204
48177	0.00204
48171	0.00204
38079	0.00204
38077	0.00204
38075	0.00204
38073	0.00204
48407	0.00204
38071	0.00204
20195	0.00204
20197	0.00204
20191	0.00204
20193	0.00204
20199	0.00204
13023	0.00204
13027	0.00204
13025	0.00204
40023	0.00204
55013	0.00204
35028	0.00204
18061	0.00204
18065	0.00204
28009	0.00204
28007	0.00204
28005	0.00204
28003	0.00204
72009	0.00204
29029	0.00204
29023	0.00204
29025	0.00204
18117	0.00204
8119	0.00204
18113	0.00204
18111	0.00204
8113	0.00204
8111	0.00204
8117	0.00204
8115	0.00204
45077	0.00204
51007	0.00204
40123	0.00204
38095	0.00204
29157	0.00204
38097	0.00204
29155	0.00204
38091	0.00204
29153	0.00204
38093	0.00204
29151	0.00204
30069	0.00204
38099	0.00204
47171	0.00204
47173	0.00204
37115	0.00204
40125	0.00204
51005	0.00204
47085	0.00204
47087	0.00204
47083	0.00204
47089	0.00204
19083	0.00204
19081	0.00204
37117	0.00204
22113	0.00204
19085	0.00204
16055	0.00204
19089	0.00204
16051	0.00204
16053	0.00204
51003	0.00204
4009	0.00204
4001	0.00204
4005	0.00204
4007	0.00204
39127	0.00204
39125	0.00204
51083	0.00204
51081	0.00204
39121	0.00204
72015	0.00204
31155	0.00204
51089	0.00204
25007	0.00204
21019	0.00204
21017	0.00204
21013	0.00204
21011	0.00204
42065	0.00204
22067	0.00204
22065	0.00204
51001	0.00204
42067	0.00204
46111	0.00204
46113	0.00204
49009	0.00204
46115	0.00204
46117	0.00204
48389	0.00204
46119	0.00204
42061	0.00204
49033	0.00204
51660	0.00204
56033	0.00204
56031	0.00204
56037	0.00204
56035	0.00204
56039	0.00204
72001	0.00204
21169	0.00204
32033	0.00204
21163	0.00204
21161	0.00204
21167	0.00204
21165	0.00204
6005	0.00204
6003	0.00204
49031	0.00204
51049	0.00204
6009	0.00204
31151	0.00204
49039	0.00204
46025	0.00204
46027	0.00204
2240	0.00204
46023	0.00204
5149	0.00204
20163	0.00204
20165	0.00204
20167	0.00204
48353	0.00204
51590	0.00204
17013	0.00204
17017	0.00204
17015	0.00204
48193	0.00204
51047	0.00204
51017	0.00204
2068	0.00204
26007	0.00204
26001	0.00204
51045	0.00204
26003	0.00204
2060	0.00204
55049	0.00204
26009	0.00204
48505	0.00204
45049	0.00204
48501	0.00204
48503	0.00204
51750	0.00204
48499	0.00204
13141	0.00204
13143	0.00204
13145	0.00204
13147	0.00204
37029	0.00204
13149	0.00204
5093	0.00204
5095	0.00204
5097	0.00204
42105	0.00204
36049	0.00204
17169	0.00204
36041	0.00204
72153	0.00204
48097	0.00204
38069	0.00204
48165	0.00204
48163	0.00204
48161	0.00204
38061	0.00204
38063	0.00204
38065	0.00204
38067	0.00204
20187	0.00204
20185	0.00204
20183	0.00204
20181	0.00204
20189	0.00204
41037	0.00204
40039	0.00204
41035	0.00204
41033	0.00204
41031	0.00204
13035	0.00204
72151	0.00204
13037	0.00204
13033	0.00204
30033	0.00204
18055	0.00204
48095	0.00204
31163	0.00204
29017	0.00204
28019	0.00204
29015	0.00204
29013	0.00204
72127	0.00204
29011	0.00204
28011	0.00204
28013	0.00204
28015	0.00204
28017	0.00204
51037	0.00204
37151	0.00204
30039	0.00204
8105	0.00204
8107	0.00204
8103	0.00204
8109	0.00204
18123	0.00204
18121	0.00204
18125	0.00204
51520	0.00204
31161	0.00204
18129	0.00204
55041	0.00204
29163	0.00204
38087	0.00204
38085	0.00204
29167	0.00204
38083	0.00204
29165	0.00204
38081	0.00204
30095	0.00204
40121	0.00204
29169	0.00204
30091	0.00204
47185	0.00204
46015	0.00204
49007	0.00204
47181	0.00204
47183	0.00204
48451	0.00204
31167	0.00204
72123	0.00204
48457	0.00204
28161	0.00204
28163	0.00204
48107	0.00204
48345	0.00204
40127	0.00204
53013	0.00204
48031	0.00204
22101	0.00204
22103	0.00204
22107	0.00204
22109	0.00204
19097	0.00204
19091	0.00204
19093	0.00204
31165	0.00204
4012	0.00204
4011	0.00204
4017	0.00204
4015	0.00204
51091	0.00204
32510	0.00204
51093	0.00204
39117	0.00204
51095	0.00204
39115	0.00204
51097	0.00204
51099	0.00204
21009	0.00204
21001	0.00204
21003	0.00204
21005	0.00204
21007	0.00204
48357	0.00204
22075	0.00204
22077	0.00204
29075	0.00204
46101	0.00204
46107	0.00204
46105	0.00204
48341	0.00204
46109	0.00204
27165	0.00204
53017	0.00204
27167	0.00204
27161	0.00204
72117	0.00204
21175	0.00204
53043	0.00204
21177	0.00204
21171	0.00204
21173	0.00204
56027	0.00204
56023	0.00204
32027	0.00204
32023	0.00204
30087	0.00204
32029	0.00204
30085	0.00204
6015	0.00204
30083	0.00204
49029	0.00204
46039	0.00204
42047	0.00204
46033	0.00204
26165	0.00204
17027	0.00204
17025	0.00204
48373	0.00204
48371	0.00204
48377	0.00204
48225	0.00204
72145	0.00204
51820	0.00204
48081	0.00204
26013	0.00204
26011	0.00204
2070	0.00204
26019	0.00204
42113	0.00204
42033	0.00204
48227	0.00204
46063	0.00204
29229	0.00204
72147	0.00204
29221	0.00204
29223	0.00204
29225	0.00204
29227	0.00204
37033	0.00204
5089	0.00204
37037	0.00204
5083	0.00204
5081	0.00204
37039	0.00204
5087	0.00204
36039	0.00204
46069	0.00204
42131	0.00204
48191	0.00204
36031	0.00204
36035	0.00204
8009	0.00204
54093	0.00204
54095	0.00204
72011	0.00204
48153	0.00204
48151	0.00204
48155	0.00204
48405	0.00204
48159	0.00204
48401	0.00204
48403	0.00204
13049	0.00204
41021	0.00204
45075	0.00204
41023	0.00204
41025	0.00204
45071	0.00204
41027	0.00204
48089	0.00204
13043	0.00204
13047	0.00204
18041	0.00204
48223	0.00204
18045	0.00204
72143	0.00204
48087	0.00204
55078	0.00204
29001	0.00204
29003	0.00204
29005	0.00204
29007	0.00204
29009	0.00204
31171	0.00204
37149	0.00204
72115	0.00204
37143	0.00204
37145	0.00204
51530	0.00204
5029	0.00204
31139	0.00204
48173	0.00204
51025	0.00204
31135	0.00204
31137	0.00204
31131	0.00204
31133	0.00204
51015	0.00204
18139	0.00204
18131	0.00204
18133	0.00204
48079	0.00204
31173	0.00204
53059	0.00204
72113	0.00204
72111	0.00204
29179	0.00204
30089	0.00204
29175	0.00204
29177	0.00204
29171	0.00204
29173	0.00204
35006	0.00204
8007	0.00204
8003	0.00204
31175	0.00204
48279	0.00204
72119	0.00204
